Date,Precipitation (in),Max Temp (F),Min Temp (F),
2015-01-01,0.00,44,25,
2015-01-02,0.03,44,30,
2015-01-03,0.01,44,34,
2015-01-04,0.21,54,40,
2015-01-05,0.07,58,52,
2015-01-06,0.01,56,46,
2015-01-07,0.00,50,45,
2015-01-08,0.00,49,38,
2015-01-09,0.01,51,40,
2015-01-10,0.19,48,45,
2015-01-11,0.06,52,47,
2015-01-12,T,54,44,
2015-01-13,0.00,49,41,
2015-01-14,0.00,46,36,
2015-01-15,0.43,48,34,
2015-01-16,0.00,56,43,
2015-01-17,0.84,55,38,
2015-01-18,0.24,60,49,
2015-01-19,0.03,52,45,
2015-01-20,0.00,52,38,
2015-01-21,0.00,48,32,
2015-01-22,0.03,52,45,
2015-01-23,0.08,57,50,
2015-01-24,0.02,62,55,
2015-01-25,0.01,65,49,
2015-01-26,0.00,65,45,
2015-01-27,0.02,55,49,
2015-01-28,0.00,55,45,
2015-01-29,0.00,56,42,
2015-01-30,0.00,49,38,
2015-01-31,0.00,47,40,
2015-02-01,0.04,52,43,
2015-02-02,0.30,55,43,
2015-02-03,0.03,52,44,
2015-02-04,0.32,52,43,
2015-02-05,0.90,60,49,
2015-02-06,0.75,60,53,
2015-02-07,0.82,59,51,
2015-02-08,0.15,60,47,
2015-02-09,0.15,59,48,
2015-02-10,0.02,57,49,
2015-02-11,T,57,44,
2015-02-12,0.02,M,48,
2015-02-13,T,72,46,
2015-02-14,0.06,60,47,
2015-02-15,0.00,56,42,
2015-02-16,T,62,44,
2015-02-17,0.00,61,42,
2015-02-18,0.00,57,38,
2015-02-19,0.03,54,47,
2015-02-20,0.02,54,50,
2015-02-21,0.00,56,44,
2015-02-22,T,55,35,
2015-02-23,T,57,32,
2015-02-24,0.00,55,36,
2015-02-25,0.07,52,45,
2015-02-26,0.26,55,48,
2015-02-27,0.69,54,49,
2015-02-28,0.00,57,37,
2015-03-01,T,55,32,
2015-03-02,T,54,38,
2015-03-03,0.00,53,32,
2015-03-04,0.00,56,31,
2015-03-05,0.00,59,37,
2015-03-06,0.00,59,39,
2015-03-07,T,63,36,
2015-03-08,T,64,37,
2015-03-09,T,57,41,
2015-03-10,0.02,60,44,
2015-03-11,0.08,62,51,
2015-03-12,0.00,67,52,
2015-03-13,0.09,67,50,
2015-03-14,0.63,61,53,
2015-03-15,2.45,54,46,
2015-03-16,0.00,58,46,
2015-03-17,0.04,60,42,
2015-03-18,0.00,63,46,
2015-03-19,0.01,63,49,
2015-03-20,0.13,60,51,
2015-03-21,0.14,59,49,
2015-03-22,0.07,56,42,
2015-03-23,0.21,54,42,
2015-03-24,0.28,59,46,
2015-03-25,0.13,61,48,
2015-03-26,0.00,72,51,
2015-03-27,0.01,69,50,
2015-03-28,0.00,64,52,
2015-03-29,0.00,63,51,
2015-03-30,0.04,67,54,
2015-03-31,0.36,57,44,
2015-04-01,0.05,57,44,
2015-04-02,T,59,43,
2015-04-03,0.05,55,43,
2015-04-04,0.00,58,39,
2015-04-05,T,63,38,
2015-04-06,T,60,47,
2015-04-07,0.01,59,47,
2015-04-08,T,65,44,
2015-04-09,T,66,44,
2015-04-10,0.54,60,48,
2015-04-11,T,56,43,
2015-04-12,T,59,45,
2015-04-13,0.55,54,42,
2015-04-14,0.06,56,39,
2015-04-15,T,59,38,
2015-04-16,T,65,39,
2015-04-17,T,68,45,
2015-04-18,T,68,48,
2015-04-19,0.00,69,46,
2015-04-20,T,74,45,
2015-04-21,0.16,65,46,
2015-04-22,T,62,42,
2015-04-23,0.10,55,47,
2015-04-24,0.16,57,45,
2015-04-25,0.01,58,44,
2015-04-26,0.00,62,42,
2015-04-27,T,78,54,
2015-04-28,0.12,63,52,
2015-04-29,T,65,48,
2015-04-30,0.00,65,49,
2015-05-01,0.00,66,53,
2015-05-02,0.00,66,51,
2015-05-03,0.00,69,44,
2015-05-04,T,65,47,
2015-05-05,0.25,62,48,
2015-05-06,T,64,47,
2015-05-07,0.00,70,45,
2015-05-08,0.00,75,47,
2015-05-09,0.00,80,50,
2015-05-10,0.00,69,55,
2015-05-11,T,59,54,
2015-05-12,0.12,62,55,
2015-05-13,0.13,57,52,
2015-05-14,T,66,52,
2015-05-15,0.01,69,52,
2015-05-16,0.00,62,55,
2015-05-17,0.00,69,55,
2015-05-18,0.00,78,56,
2015-05-19,0.00,75,57,
2015-05-20,0.00,74,54,
2015-05-21,0.00,81,58,
2015-05-22,0.00,64,56,
2015-05-23,T,64,56,
2015-05-24,0.00,66,56,
2015-05-25,0.00,62,55,
2015-05-26,0.00,72,56,
2015-05-27,0.00,78,57,
2015-05-28,0.00,83,58,
2015-05-29,0.00,82,59,
2015-05-30,0.00,75,53,
2015-05-31,0.00,76,57,
2015-06-01,0.09,64,57,
2015-06-02,T,66,58,
2015-06-03,0.00,69,57,
2015-06-04,0.00,74,57,
2015-06-05,0.00,80,56,
2015-06-06,0.00,85,58,
2015-06-07,0.00,88,61,
2015-06-08,0.00,86,60,
2015-06-09,0.00,86,61,
2015-06-10,0.00,81,55,
2015-06-11,0.00,79,56,
2015-06-12,0.00,70,57,
2015-06-13,0.00,76,52,
2015-06-14,0.00,81,57,
2015-06-15,0.00,86,61,
2015-06-16,0.00,75,55,
2015-06-17,0.00,78,57,
2015-06-18,T,80,62,
2015-06-19,0.07,75,59,
2015-06-20,0.00,77,58,
2015-06-21,0.00,81,60,
2015-06-22,0.00,78,57,
2015-06-23,0.00,81,55,
2015-06-24,0.00,79,66,
2015-06-25,0.00,88,63,
2015-06-26,0.00,88,67,
2015-06-27,0.00,92,65,
2015-06-28,T,83,70,
2015-06-29,0.01,88,67,
2015-06-30,0.00,88,62,
2015-07-01,0.00,89,65,
2015-07-02,0.00,92,67,
2015-07-03,0.00,93,67,
2015-07-04,0.00,92,62,
2015-07-05,0.00,91,67,
2015-07-06,0.00,88,63,
2015-07-07,0.00,81,60,
2015-07-08,0.00,86,63,
2015-07-09,0.00,86,62,
2015-07-10,0.00,73,65,
2015-07-11,0.00,74,65,
2015-07-12,0.00,82,65,
2015-07-13,0.00,79,65,
2015-07-14,0.00,82,63,
2015-07-15,0.00,81,63,
2015-07-16,0.00,81,64,
2015-07-17,0.00,83,59,
2015-07-18,0.00,92,66,
2015-07-19,0.00,98,67,
2015-07-20,0.00,82,66,
2015-07-21,0.13,76,61,
2015-07-22,0.00,77,61,
2015-07-23,0.00,81,62,
2015-07-24,0.02,77,59,
2015-07-25,0.01,70,61,
2015-07-26,0.10,73,60,
2015-07-27,0.01,77,56,
2015-07-28,0.00,83,61,
2015-07-29,0.00,89,62,
2015-07-30,0.00,92,65,
2015-07-31,0.00,94,66,
2015-08-01,0.00,92,65,
2015-08-02,0.00,90,64,
2015-08-03,0.00,85,66,
2015-08-04,0.00,81,61,
2015-08-05,0.00,75,58,
2015-08-06,0.00,79,62,
2015-08-07,0.00,84,61,
2015-08-08,T,80,63,
2015-08-09,0.00,84,60,
2015-08-10,T,85,65,
2015-08-11,0.00,87,65,
2015-08-12,0.04,85,66,
2015-08-13,0.00,85,63,
2015-08-14,0.82,68,62,
2015-08-15,T,72,61,
2015-08-16,0.00,78,59,
2015-08-17,0.00,81,60,
2015-08-18,0.00,84,63,
2015-08-19,0.00,92,64,
2015-08-20,T,75,61,
2015-08-21,0.00,75,61,
2015-08-22,0.00,79,57,
2015-08-23,0.00,82,57,
2015-08-24,0.00,77,56,
2015-08-25,0.00,78,58,
2015-08-26,0.00,84,58,
2015-08-27,0.00,87,61,
2015-08-28,0.01,76,63,
2015-08-29,0.22,75,52,
2015-08-30,0.27,72,59,
2015-08-31,0.05,68,64,
2015-09-01,0.18,68,60,
2015-09-02,0.01,70,55,
2015-09-03,0.00,69,54,
2015-09-04,0.00,66,54,
2015-09-05,0.06,69,49,
2015-09-06,0.19,63,56,
2015-09-07,0.00,74,59,
2015-09-08,0.00,76,59,
2015-09-09,0.00,78,59,
2015-09-10,0.01,76,60,
2015-09-11,0.00,82,61,
2015-09-12,0.00,81,61,
2015-09-13,0.03,72,58,
2015-09-14,0.00,65,52,
2015-09-15,0.00,66,52,
2015-09-16,0.05,70,50,
2015-09-17,0.57,68,58,
2015-09-18,0.01,70,56,
2015-09-19,T,74,60,
2015-09-20,0.09,76,57,
2015-09-21,0.00,67,55,
2015-09-22,T,68,47,
2015-09-23,0.00,71,48,
2015-09-24,0.00,76,53,
2015-09-25,0.03,63,58,
2015-09-26,T,65,54,
2015-09-27,T,65,46,
2015-09-28,0.00,69,53,
2015-09-29,T,73,52,
2015-09-30,0.00,68,52,
2015-10-01,0.01,70,51,
2015-10-02,0.01,62,52,
2015-10-03,0.00,68,56,
2015-10-04,0.00,72,53,
2015-10-05,0.00,73,51,
2015-10-06,0.01,67,53,
2015-10-07,0.38,62,59,
2015-10-08,0.00,71,58,
2015-10-09,0.01,70,55,
2015-10-10,0.77,72,59,
2015-10-11,0.00,67,52,
2015-10-12,0.36,68,53,
2015-10-13,0.05,63,52,
2015-10-14,T,63,53,
2015-10-15,0.00,68,52,
2015-10-16,0.01,70,49,
2015-10-17,0.04,68,57,
2015-10-18,0.16,62,59,
2015-10-19,T,67,57,
2015-10-20,0.00,65,51,
2015-10-21,T,65,49,
2015-10-22,0.01,62,47,
2015-10-23,0.00,59,46,
2015-10-24,0.01,60,51,
2015-10-25,0.35,66,48,
2015-10-26,0.09,58,53,
2015-10-27,0.01,60,48,
2015-10-28,0.10,59,54,
2015-10-29,0.02,62,57,
2015-10-30,0.56,67,55,
2015-10-31,0.83,63,54,
2015-11-01,0.47,57,51,
2015-11-02,0.07,56,44,
2015-11-03,0.07,54,41,
2015-11-04,0.00,54,37,
2015-11-05,0.01,55,48,
2015-11-06,0.01,63,50,
2015-11-07,0.49,57,52,
2015-11-08,0.38,56,49,
2015-11-09,0.16,52,43,
2015-11-10,0.07,54,38,
2015-11-11,0.04,55,43,
2015-11-12,0.24,55,43,
2015-11-13,1.31,60,52,
2015-11-14,1.66,52,46,
2015-11-15,0.73,50,38,
2015-11-16,0.09,52,35,
2015-11-17,0.74,61,43,
2015-11-18,0.05,51,39,
2015-11-19,0.08,51,37,
2015-11-20,T,51,35,
2015-11-21,0.00,52,34,
2015-11-22,T,50,33,
2015-11-23,0.12,47,33,
2015-11-24,0.21,48,41,
2015-11-25,0.00,49,34,
2015-11-26,T,52,29,
2015-11-27,T,50,28,
2015-11-28,T,46,25,
2015-11-29,T,39,28,
2015-11-30,0.01,44,29,
2015-12-01,0.39,53,40,
2015-12-02,0.07,54,42,
2015-12-03,0.51,60,49,
2015-12-04,0.12,53,45,
2015-12-05,0.81,63,44,
2015-12-06,0.55,59,46,
2015-12-07,1.07,56,50,
2015-12-08,1.51,63,52,
2015-12-09,0.55,58,46,
2015-12-10,0.63,56,44,
2015-12-11,0.01,53,42,
2015-12-12,0.56,51,44,
2015-12-13,0.11,50,45,
2015-12-14,T,50,34,
2015-12-15,0.02,47,33,
2015-12-16,0.13,46,37,
2015-12-17,0.82,47,39,
2015-12-18,0.54,51,42,
2015-12-19,0.01,50,39,
2015-12-20,0.19,49,43,
2015-12-21,0.83,45,39,
2015-12-22,0.12,47,34,
2015-12-23,0.09,43,39,
2015-12-24,0.11,44,38,
2015-12-25,0.05,41,36,
2015-12-26,T,41,34,
2015-12-27,0.32,42,37,
2015-12-28,0.03,43,37,
2015-12-29,0.00,46,32,
2015-12-30,T,44,27,
2015-12-31,T,43,24,
2016-01-01,T,45,23,
2016-01-02,T,44,22,
2016-01-03,0.01,41,27,
2016-01-04,0.07,40,37,
2016-01-05,0.11,44,38,
2016-01-06,T,51,35,
2016-01-07,T,45,31,
2016-01-08,T,48,30,
2016-01-09,T,50,29,
2016-01-10,0.00,52,31,
2016-01-11,0.07,45,37,
2016-01-12,0.52,49,36,
2016-01-13,0.57,55,41,
2016-01-14,T,49,35,
2016-01-15,0.04,48,30,
2016-01-16,0.41,54,43,
2016-01-17,0.32,50,42,
2016-01-18,0.05,54,40,
2016-01-19,0.46,48,40,
2016-01-20,0.20,52,39,
2016-01-21,1.27,52,45,
2016-01-22,0.27,57,45,
2016-01-23,0.53,48,44,
2016-01-24,0.00,51,38,
2016-01-25,T,54,35,
2016-01-26,0.27,56,46,
2016-01-27,0.81,57,48,
2016-01-28,0.51,56,46,
2016-01-29,0.18,52,44,
2016-01-30,0.02,48,39,
2016-01-31,0.00,47,36,
2016-02-01,0.25,46,37,
2016-02-02,0.02,51,35,
2016-02-03,0.48,49,39,
2016-02-04,0.05,49,45,
2016-02-05,0.15,53,40,
2016-02-06,T,49,35,
2016-02-07,T,51,35,
2016-02-08,T,57,37,
2016-02-09,T,62,37,
2016-02-10,0.16,56,43,
2016-02-11,0.38,55,42,
2016-02-12,0.85,58,48,
2016-02-13,M,M,M,
2016-02-14,M,M,M,
2016-02-15,0.12,55,51,
2016-02-16,0.01,56,50,
2016-02-17,0.46,57,48,
2016-02-18,0.12,53,45,
2016-02-19,0.49,51,41,
2016-02-20,T,53,37,
2016-02-21,0.07,51,33,
2016-02-22,0.01,51,38,
2016-02-23,T,60,36,
2016-02-24,0.02,59,47,
2016-02-25,T,61,39,
2016-02-26,0.15,60,42,
2016-02-27,0.08,57,45,
2016-02-28,0.69,53,43,
2016-02-29,0.11,54,44,
2016-03-01,0.71,58,44,
2016-03-02,0.27,55,46,
2016-03-03,0.03,59,46,
2016-03-04,0.21,57,38,
2016-03-05,0.20,64,49,
2016-03-06,0.39,60,45,
2016-03-07,0.26,53,40,
2016-03-08,0.05,54,39,
2016-03-09,0.95,55,43,
2016-03-10,0.32,56,39,
2016-03-11,0.36,55,35,
2016-03-12,0.02,52,40,
2016-03-13,0.52,54,41,
2016-03-14,0.06,49,41,
2016-03-15,0.00,51,40,
2016-03-16,T,53,40,
2016-03-17,0.00,58,37,
2016-03-18,0.00,63,41,
2016-03-19,T,61,46,
2016-03-20,0.08,55,49,
2016-03-21,0.28,56,47,
2016-03-22,0.01,57,44,
2016-03-23,0.13,53,47,
2016-03-24,0.00,54,44,
2016-03-25,0.00,57,43,
2016-03-26,0.09,59,41,
2016-03-27,0.43,51,39,
2016-03-28,T,56,37,
2016-03-29,T,64,37,
2016-03-30,0.00,68,40,
2016-03-31,0.00,73,43,
2016-04-01,0.00,71,47,
2016-04-02,0.00,63,48,
2016-04-03,0.18,69,45,
2016-04-04,0.11,60,46,
2016-04-05,0.00,57,46,
2016-04-06,0.00,68,43,
2016-04-07,0.00,77,51,
2016-04-08,0.00,76,50,
2016-04-09,T,66,47,
2016-04-10,0.00,59,48,
2016-04-11,0.00,58,50,
2016-04-12,0.44,60,46,
2016-04-13,0.03,59,45,
2016-04-14,0.17,59,44,
2016-04-15,0.00,60,47,
2016-04-16,0.00,68,43,
2016-04-17,0.00,77,49,
2016-04-18,0.00,89,52,
2016-04-19,0.00,81,53,
2016-04-20,0.00,81,55,
2016-04-21,T,73,52,
2016-04-22,0.02,64,54,
2016-04-23,0.02,65,53,
2016-04-24,0.35,55,46,
2016-04-25,0.02,59,44,
2016-04-26,0.00,60,43,
2016-04-27,0.00,61,50,
2016-04-28,0.00,64,52,
2016-04-29,0.04,61,50,
2016-04-30,0.00,68,45,
2016-05-01,0.00,77,50,
2016-05-02,0.00,87,53,
2016-05-03,0.00,74,57,
2016-05-04,0.00,60,54,
2016-05-05,0.00,68,52,
2016-05-06,M,77,62,
2016-05-07,0.00,82,53,
2016-05-08,0.02,63,48,
2016-05-09,0.00,67,47,
2016-05-10,0.00,75,46,
2016-05-11,0.00,81,50,
2016-05-12,0.00,77,51,
2016-05-13,0.00,82,54,
2016-05-14,0.00,65,54,
2016-05-15,0.00,57,54,
2016-05-16,0.00,60,52,
2016-05-17,0.00,71,53,
2016-05-18,0.00,64,52,
2016-05-19,0.22,63,49,
2016-05-20,0.00,66,51,
2016-05-21,0.04,59,52,
2016-05-22,0.00,66,53,
2016-05-23,0.00,65,53,
2016-05-24,0.00,66,57,
2016-05-25,0.00,66,54,
2016-05-26,0.00,65,53,
2016-05-27,0.02,64,50,
2016-05-28,0.03,64,50,
2016-05-29,0.00,64,52,
2016-05-30,0.00,71,49,
2016-05-31,0.00,79,54,
2016-06-01,0.00,75,59,
2016-06-02,0.00,71,59,
2016-06-03,0.00,80,57,
2016-06-04,0.00,81,63,
2016-06-05,0.00,92,65,
2016-06-06,0.00,86,65,
2016-06-07,0.00,85,59,
2016-06-08,T,67,56,
2016-06-09,0.07,65,54,
2016-06-10,T,67,51,
2016-06-11,0.10,65,52,
2016-06-12,0.00,70,56,
2016-06-13,T,66,52,
2016-06-14,0.05,60,48,
2016-06-15,0.00,67,45,
2016-06-16,0.00,71,53,
2016-06-17,0.34,67,53,
2016-06-18,0.04,65,51,
2016-06-19,0.00,70,47,
2016-06-20,0.56,76,57,
2016-06-21,0.07,73,56,
2016-06-22,T,75,56,
2016-06-23,0.36,68,55,
2016-06-24,0.13,69,53,
2016-06-25,0.00,71,57,
2016-06-26,0.00,78,56,
2016-06-27,0.00,85,61,
2016-06-28,0.00,79,56,
2016-06-29,0.00,74,57,
2016-06-30,0.00,73,57,
2016-07-01,0.00,76,57,
2016-07-02,0.00,76,58,
2016-07-03,0.00,71,58,
2016-07-04,T,68,58,
2016-07-05,T,69,57,
2016-07-06,0.00,76,58,
2016-07-07,0.07,68,60,
2016-07-08,0.18,74,59,
2016-07-09,0.02,71,58,
2016-07-10,T,74,59,
2016-07-11,M,74,58,
2016-07-12,0.00,77,60,
2016-07-13,0.00,75,58,
2016-07-14,0.00,77,58,
2016-07-15,T,76,57,
2016-07-16,T,72,59,
2016-07-17,0.00,80,60,
2016-07-18,0.00,73,62,
2016-07-19,0.00,78,61,
2016-07-20,0.00,82,62,
2016-07-21,T,81,61,
2016-07-22,0.21,71,61,
2016-07-23,0.00,75,59,
2016-07-24,0.00,80,58,
2016-07-25,0.00,85,60,
2016-07-26,0.00,79,60,
2016-07-27,0.00,83,59,
2016-07-28,0.00,85,62,
2016-07-29,0.00,88,64,
2016-07-30,0.00,76,58,
2016-07-31,0.00,73,57,
2016-08-01,0.00,77,54,
2016-08-02,T,73,58,
2016-08-03,0.00,75,60,
2016-08-04,0.00,80,58,
2016-08-05,0.00,79,59,
2016-08-06,0.00,72,55,
2016-08-07,0.03,72,59,
2016-08-08,0.00,73,58,
2016-08-09,0.00,72,60,
2016-08-10,0.00,76,60,
2016-08-11,0.00,80,60,
2016-08-12,0.00,87,62,
2016-08-13,0.00,90,65,
2016-08-14,0.00,83,60,
2016-08-15,0.00,84,61,
2016-08-16,0.00,81,58,
2016-08-17,0.00,M,M,
2016-08-18,0.00,M,M,
2016-08-19,0.00,M,M,
2016-08-20,0.00,M,M,
2016-08-21,0.00,M,M,
2016-08-22,0.00,M,M,
2016-08-23,0.00,79,54,
2016-08-24,0.00,M,M,
2016-08-25,0.00,M,M,
2016-08-26,0.00,M,M,
2016-08-27,0.00,M,M,
2016-08-28,0.00,75,59,
2016-08-29,0.00,M,M,
2016-08-30,0.00,70,57,
2016-08-31,0.00,M,M,
2016-09-01,0.00,M,M,
2016-09-02,0.00,M,M,
2016-09-03,0.00,67,55,
2016-09-04,0.00,68,53,
2016-09-05,0.00,68,55,
2016-09-06,0.00,68,55,
2016-09-07,0.02,67,57,
2016-09-08,T,72,57,
2016-09-09,0.00,74,49,
2016-09-10,0.00,77,53,
2016-09-11,0.00,70,57,
2016-09-12,0.00,74,55,
2016-09-13,0.00,75,52,
2016-09-14,0.00,79,50,
2016-09-15,0.00,71,53,
2016-09-16,T,75,51,
2016-09-17,0.09,68,58,
2016-09-18,T,69,53,
2016-09-19,0.01,71,54,
2016-09-20,0.00,67,49,
2016-09-21,0.00,68,51,
2016-09-22,0.00,67,M,
2016-09-23,T,64,53,
2016-09-24,T,67,56,
2016-09-25,0.00,76,59,
2016-09-26,0.00,77,57,
2016-09-27,T,69,57,
2016-09-28,0.00,68,54,
2016-09-29,0.00,66,50,
2016-09-30,T,67,46,
2016-10-01,0.10,63,50,
2016-10-02,0.00,65,49,
2016-10-03,0.01,61,51,
2016-10-04,0.11,63,53,
2016-10-05,0.03,66,52,
2016-10-06,0.34,63,54,
2016-10-07,0.08,64,55,
2016-10-08,0.65,68,53,
2016-10-09,0.21,57,50,
2016-10-10,0.00,60,45,
2016-10-11,0.00,62,44,
2016-10-12,0.01,66,38,
2016-10-13,1.74,60,52,
2016-10-14,1.49,60,51,
2016-10-15,0.68,62,50,
2016-10-16,0.52,60,51,
2016-10-17,0.04,60,51,
2016-10-18,0.12,61,47,
2016-10-19,0.18,58,43,
2016-10-20,1.17,62,48,
2016-10-21,0.01,59,48,
2016-10-22,0.04,62,44,
2016-10-23,0.11,62,49,
2016-10-24,0.13,61,49,
2016-10-25,0.02,65,47,
2016-10-26,1.46,58,52,
2016-10-27,0.07,60,51,
2016-10-28,0.01,65,50,
2016-10-29,0.17,M,47,
2016-10-30,0.23,M,M,
2016-10-31,0.75,59,49,
2016-11-01,0.26,57,49,
2016-11-02,0.48,57,50,
2016-11-03,0.00,65,45,
2016-11-04,T,65,42,
2016-11-05,0.94,58,52,
2016-11-06,0.21,61,49,
2016-11-07,0.05,63,50,
2016-11-08,0.00,71,48,
2016-11-09,0.19,65,51,
2016-11-10,0.00,64,47,
2016-11-11,T,63,51,
2016-11-12,0.09,59,48,
2016-11-13,0.25,55,46,
2016-11-14,0.24,57,50,
2016-11-15,1.02,55,47,
2016-11-16,T,50,44,
2016-11-17,0.00,52,38,
2016-11-18,T,55,35,
2016-11-19,0.10,57,47,
2016-11-20,0.10,55,46,
2016-11-21,0.03,54,43,
2016-11-22,0.52,54,40,
2016-11-23,0.26,49,43,
2016-11-24,1.16,52,46,
2016-11-25,0.05,52,39,
2016-11-26,0.52,53,44,
2016-11-27,0.42,48,43,
2016-11-28,0.00,52,37,
2016-11-29,0.06,52,42,
2016-11-30,0.19,52,42,
2016-12-01,0.00,46,38,
2016-12-02,0.20,50,44,
2016-12-03,0.06,49,42,
2016-12-04,0.17,46,35,
2016-12-05,0.23,40,32,
2016-12-06,0.00,42,31,
2016-12-07,0.00,40,27,
2016-12-08,0.04,41,31,
2016-12-09,0.29,36,31,
2016-12-10,0.21,44,34,
2016-12-11,0.06,44,40,
2016-12-12,0.02,43,38,
2016-12-13,0.00,40,33,
2016-12-14,0.00,39,32,
2016-12-15,0.00,39,34,
2016-12-16,0.00,35,23,
2016-12-17,0.00,35,21,
2016-12-18,0.00,39,27,
2016-12-19,0.55,46,36,
2016-12-20,0.01,51,37,
2016-12-21,0.00,49,34,
2016-12-22,0.36,45,34,
2016-12-23,0.61,40,36,
2016-12-24,T,41,35,
2016-12-25,0.00,42,32,
2016-12-26,0.39,42,33,
2016-12-27,T,47,41,
2016-12-28,0.00,48,37,
2016-12-29,0.13,48,39,
2016-12-30,0.06,57,31,
2016-12-31,T,40,31,
2017-01-01,0.16,38,31,
2017-01-02,0.00,37,25,
2017-01-03,0.00,35,27,
2017-01-04,0.00,39,23,
2017-01-05,0.00,37,19,
2017-01-06,0.00,42,18,
2017-01-07,0.00,39,25,
2017-01-08,0.56,46,34,
2017-01-09,0.06,44,34,
2017-01-10,0.10,40,32,
2017-01-11,0.00,36,26,
2017-01-12,0.00,40,21,
2017-01-13,0.00,38,23,
2017-01-14,0.00,43,23,
2017-01-15,0.00,44,23,
2017-01-16,0.00,47,28,
2017-01-17,1.52,46,40,
2017-01-18,1.21,53,44,
2017-01-19,0.13,50,38,
2017-01-20,0.00,53,33,
2017-01-21,0.04,52,39,
2017-01-22,0.12,47,36,
2017-01-23,0.00,48,32,
2017-01-24,0.00,44,29,
2017-01-25,T,44,34,
2017-01-26,0.00,48,42,
2017-01-27,0.00,54,36,
2017-01-28,0.00,54,36,
2017-01-29,T,49,35,
2017-01-30,0.00,47,42,
2017-01-31,0.01,45,33,
2017-02-01,0.00,45,29,
2017-02-02,T,47,26,
2017-02-03,0.66,40,34,
2017-02-04,0.71,46,37,
2017-02-05,0.68,41,33,
2017-02-06,0.39,39,31,
2017-02-07,T,40,30,
2017-02-08,0.76,40,36,
2017-02-09,1.55,57,40,
2017-02-10,0.06,49,41,
2017-02-11,0.01,49,36,
2017-02-12,0.00,50,33,
2017-02-13,0.00,54,34,
2017-02-14,0.23,59,32,
2017-02-15,1.65,52,46,
2017-02-16,0.46,54,47,
2017-02-17,T,56,42,
2017-02-18,0.13,46,43,
2017-02-19,0.12,48,39,
2017-02-20,0.20,46,39,
2017-02-21,0.22,48,40,
2017-02-22,0.01,47,33,
2017-02-23,0.03,45,33,
2017-02-24,T,46,32,
2017-02-25,T,45,29,
2017-02-26,0.26,43,36,
2017-02-27,0.46,43,33,
2017-02-28,T,49,31,
2017-03-01,T,50,43,
2017-03-02,0.07,49,42,
2017-03-03,0.59,51,41,
2017-03-04,0.03,46,34,
2017-03-05,0.11,46,35,
2017-03-06,T,45,35,
2017-03-07,0.46,44,36,
2017-03-08,0.03,44,38,
2017-03-09,0.53,51,39,
2017-03-10,0.02,53,44,
2017-03-11,0.28,53,41,
2017-03-12,0.02,53,45,
2017-03-13,0.51,54,48,
2017-03-14,0.36,58,49,
2017-03-15,0.71,52,45,
2017-03-16,0.00,54,40,
2017-03-17,0.77,49,37,
2017-03-18,0.47,57,36,
2017-03-19,0.00,53,32,
2017-03-20,T,53,40,
2017-03-21,0.17,57,46,
2017-03-22,T,57,44,
2017-03-23,0.25,58,40,
2017-03-24,0.45,57,45,
2017-03-25,0.01,53,44,
2017-03-26,0.31,50,44,
2017-03-27,0.08,55,44,
2017-03-28,0.08,54,45,
2017-03-29,0.41,56,46,
2017-03-30,0.01,55,43,
2017-03-31,0.00,56,38,
2017-04-01,0.06,57,47,
2017-04-02,0.05,55,41,
2017-04-03,0.00,54,40,
2017-04-04,0.09,62,44,
2017-04-05,0.51,55,49,
2017-04-06,0.27,60,48,
2017-04-07,0.37,60,47,
2017-04-08,0.06,52,40,
2017-04-09,0.01,56,36,
2017-04-10,0.35,54,40,
2017-04-11,0.01,56,37,
2017-04-12,0.87,60,47,
2017-04-13,0.13,55,43,
2017-04-14,0.02,52,41,
2017-04-15,0.00,58,41,
2017-04-16,0.00,66,43,
2017-04-17,0.06,61,51,
2017-04-18,0.22,61,47,
2017-04-19,0.38,57,45,
2017-04-20,T,60,45,
2017-04-21,0.00,66,43,
2017-04-22,0.13,63,47,
2017-04-23,0.21,54,45,
2017-04-24,0.02,58,45,
2017-04-25,0.01,56,48,
2017-04-26,0.04,59,46,
2017-04-27,0.02,58,43,
2017-04-28,0.06,60,44,
2017-04-29,0.06,58,43,
2017-04-30,0.05,58,47,
2017-05-01,0.07,51,46,
2017-05-02,0.13,63,44,
2017-05-03,0.19,76,56,
2017-05-04,0.36,75,54,
2017-05-05,0.19,61,49,
2017-05-06,0.43,59,42,
2017-05-07,0.00,62,46,
2017-05-08,0.00,65,46,
2017-05-09,0.00,70,46,
2017-05-10,0.00,72,52,
2017-05-11,0.38,61,46,
2017-05-12,0.19,56,43,
2017-05-13,0.08,58,46,
2017-05-14,0.01,59,48,
2017-05-15,0.28,53,45,
2017-05-16,0.14,54,44,
2017-05-17,0.00,60,47,
2017-05-18,0.00,65,48,
2017-05-19,0.00,72,52,
2017-05-20,0.00,72,56,
2017-05-21,0.00,75,53,
2017-05-22,0.00,81,57,
2017-05-23,0.00,80,52,
2017-05-24,0.00,63,48,
2017-05-25,0.00,70,47,
2017-05-26,0.00,79,53,
2017-05-27,0.00,84,55,
2017-05-28,0.00,82,58,
2017-05-29,0.00,74,53,
2017-05-30,T,59,53,
2017-05-31,0.05,72,53,
2017-06-01,T,69,57,
2017-06-02,0.00,73,55,
2017-06-03,0.00,65,56,
2017-06-04,0.00,67,53,
2017-06-05,0.00,71,47,
2017-06-06,0.00,84,54,
2017-06-07,0.02,79,57,
2017-06-08,0.27,64,55,
2017-06-09,T,64,52,
2017-06-10,0.00,66,48,
2017-06-11,0.00,70,52,
2017-06-12,0.00,65,53,
2017-06-13,0.00,64,52,
2017-06-14,0.00,65,52,
2017-06-15,0.90,62,54,
2017-06-16,0.00,68,52,
2017-06-17,0.01,64,52,
2017-06-18,0.00,71,56,
2017-06-19,0.00,71,57,
2017-06-20,T,70,56,
2017-06-21,0.00,69,55,
2017-06-22,0.00,74,53,
2017-06-23,0.00,80,54,
2017-06-24,0.00,87,61,
2017-06-25,0.00,93,63,
2017-06-26,0.00,73,56,
2017-06-27,0.00,72,54,
2017-06-28,0.00,69,55,
2017-06-29,0.00,77,54,
2017-06-30,0.00,83,57,
2017-07-01,0.00,73,56,
2017-07-02,0.00,77,55,
2017-07-03,0.00,70,58,
2017-07-04,0.00,78,53,
2017-07-05,0.00,83,56,
2017-07-06,0.00,84,56,
2017-07-07,0.00,73,56,
2017-07-08,0.00,80,58,
2017-07-09,0.00,79,59,
2017-07-10,0.00,73,59,
2017-07-11,0.00,74,56,
2017-07-12,0.00,78,57,
2017-07-13,0.00,76,58,
2017-07-14,0.00,80,56,
2017-07-15,0.00,77,56,
2017-07-16,0.00,73,57,
2017-07-17,0.00,76,56,
2017-07-18,0.00,81,56,
2017-07-19,0.00,78,54,
2017-07-20,0.00,75,60,
2017-07-21,0.00,78,57,
2017-07-22,0.00,86,64,
2017-07-23,0.00,75,63,
2017-07-24,0.00,80,58,
2017-07-25,0.00,84,60,
2017-07-26,0.00,83,57,
2017-07-27,0.00,71,57,
2017-07-28,0.00,78,58,
2017-07-29,0.00,82,58,
2017-07-30,0.00,81,62,
2017-07-31,0.00,83,59,
2017-08-01,0.00,87,62,
2017-08-02,0.00,87,68,
2017-08-03,0.00,90,67,
2017-08-04,0.00,93,64,
2017-08-05,0.00,82,59,
2017-08-06,0.00,79,60,
2017-08-07,0.00,83,60,
2017-08-08,0.00,86,62,
2017-08-09,0.00,87,63,
2017-08-10,0.00,87,62,
2017-08-11,0.00,80,60,
2017-08-12,0.02,76,59,
2017-08-13,T,71,61,
2017-08-14,0.00,73,59,
2017-08-15,0.00,77,56,
2017-08-16,0.00,81,58,
2017-08-17,T,77,62,
2017-08-18,0.00,74,58,
2017-08-19,0.00,77,58,
2017-08-20,0.00,76,57,
2017-08-21,0.00,81,57,
2017-08-22,0.00,88,61,
2017-08-23,0.00,74,60,
2017-08-24,0.00,72,58,
2017-08-25,0.00,75,55,
2017-08-26,0.00,81,57,
2017-08-27,0.00,84,60,
2017-08-28,T,88,61,
2017-08-29,0.00,87,61,
2017-08-30,0.00,77,61,
2017-08-31,0.00,74,62,
2017-09-01,0.00,82,56,
2017-09-02,0.00,88,61,
2017-09-03,0.00,87,64,
2017-09-04,0.00,86,61,
2017-09-05,0.00,84,68,
2017-09-06,0.00,82,65,
2017-09-07,0.00,76,64,
2017-09-08,T,72,62,
2017-09-09,T,69,60,
2017-09-10,0.00,74,57,
2017-09-11,0.00,80,51,
2017-09-12,0.00,76,59,
2017-09-13,0.00,70,54,
2017-09-14,0.00,74,56,
2017-09-15,0.00,75,46,
2017-09-16,T,74,50,
2017-09-17,0.06,65,53,
2017-09-18,0.17,63,51,
2017-09-19,0.27,61,50,
2017-09-20,0.04,60,51,
2017-09-21,T,64,51,
2017-09-22,0.00,68,51,
2017-09-23,0.00,69,55,
2017-09-24,0.00,72,49,
2017-09-25,0.02,66,57,
2017-09-26,0.00,72,55,
2017-09-27,0.00,77,57,
2017-09-28,0.00,87,55,
2017-09-29,0.04,68,56,
2017-09-30,0.03,65,54,
2017-10-01,T,62,48,
2017-10-02,0.00,63,46,
2017-10-03,0.00,68,43,
2017-10-04,0.00,68,44,
2017-10-05,0.00,68,42,
2017-10-06,0.00,65,44,
2017-10-07,0.08,62,49,
2017-10-08,T,62,45,
2017-10-09,0.00,64,40,
2017-10-10,0.01,58,46,
2017-10-11,T,58,43,
2017-10-12,0.15,50,45,
2017-10-13,T,57,39,
2017-10-14,0.00,57,37,
2017-10-15,0.00,62,39,
2017-10-16,0.00,63,41,
2017-10-17,0.05,61,48,
2017-10-18,1.04,65,47,
2017-10-19,0.41,55,45,
2017-10-20,0.11,54,44,
2017-10-21,0.19,59,46,
2017-10-22,0.04,61,49,
2017-10-23,0.00,64,48,
2017-10-24,0.00,M,M,
2017-10-25,T,67,44,
2017-10-26,0.00,60,49,
2017-10-27,0.00,64,48,
2017-10-28,0.00,66,41,
2017-10-29,0.00,58,44,
2017-10-30,0.00,63,40,
2017-10-31,0.00,60,36,
2017-11-01,0.00,56,48,
2017-11-02,0.08,51,41,
2017-11-03,T,44,35,
2017-11-04,0.01,42,33,
2017-11-05,M,41,36,
2017-11-06,0.00,48,34,
2017-11-07,M,49,33,
2017-11-08,0.13,56,43,
2017-11-09,0.27,50,43,
2017-11-10,0.00,52,36,
2017-11-11,0.14,51,38,
2017-11-12,0.57,57,46,
2017-11-13,0.61,54,46,
2017-11-14,0.07,55,43,
2017-11-15,0.64,54,43,
2017-11-16,0.08,46,43,
2017-11-17,0.00,50,43,
2017-11-18,0.00,54,41,
2017-11-19,0.38,52,38,
2017-11-20,0.49,51,38,
2017-11-21,1.26,58,36,
2017-11-22,0.56,68,54,
2017-11-23,0.10,60,49,
2017-11-24,T,53,47,
2017-11-25,0.22,51,41,
2017-11-26,0.20,57,42,
2017-11-27,0.00,51,40,
2017-11-28,0.57,47,44,
2017-11-29,0.01,52,43,
2017-11-30,0.26,47,42,
2017-12-01,0.21,50,41,
2017-12-02,0.61,45,40,
2017-12-03,0.04,46,39,
2017-12-04,0.00,43,35,
2017-12-05,0.00,47,34,
2017-12-06,0.00,52,37,
2017-12-07,0.00,52,31,
2017-12-08,0.00,44,30,
2017-12-09,0.00,44,29,
2017-12-10,0.00,48,31,
2017-12-11,0.00,50,26,
2017-12-12,0.00,48,28,
2017-12-13,0.00,49,34,
2017-12-14,0.00,50,33,
2017-12-15,0.02,45,36,
2017-12-16,0.10,46,34,
2017-12-17,0.01,52,43,
2017-12-18,0.69,51,42,
2017-12-19,1.14,51,41,
2017-12-20,0.07,45,29,
2017-12-21,0.00,41,27,
2017-12-22,0.06,42,36,
2017-12-23,0.00,40,26,
2017-12-24,0.11,39,26,
2017-12-25,0.07,35,32,
2017-12-26,0.00,39,31,
2017-12-27,0.00,40,33,
2017-12-28,0.09,50,39,
2017-12-29,1.37,55,44,
2017-12-30,0.08,48,40,
2017-12-31,0.00,44,34,
2018-01-01,0.00,45,29,
2018-01-02,0.00,44,33,
2018-01-03,0.00,48,30,
2018-01-04,0.13,48,34,
2018-01-05,0.39,51,44,
2018-01-06,0.23,48,42,
2018-01-07,0.40,46,42,
2018-01-08,0.11,50,42,
2018-01-09,0.29,48,43,
2018-01-10,0.10,46,42,
2018-01-11,0.88,51,42,
2018-01-12,0.10,53,48,
2018-01-13,T,58,45,
2018-01-14,0.00,55,39,
2018-01-15,0.07,62,38,
2018-01-16,0.18,56,44,
2018-01-17,0.38,57,42,
2018-01-18,0.67,53,37,
2018-01-19,0.02,47,35,
2018-01-20,0.05,50,40,
2018-01-21,0.22,52,41,
2018-01-22,0.14,48,38,
2018-01-23,0.80,46,39,
2018-01-24,0.39,50,42,
2018-01-25,0.12,45,37,
2018-01-26,0.18,43,39,
2018-01-27,0.56,50,41,
2018-01-28,0.03,57,43,
2018-01-29,0.89,52,44,
2018-01-30,0.00,50,39,
2018-01-31,T,47,39,
2018-02-01,0.57,47,43,
2018-02-02,0.02,55,45,
2018-02-03,0.11,52,49,
2018-02-04,0.02,57,49,
2018-02-05,T,51,47,
2018-02-06,0.00,50,43,
2018-02-07,0.00,55,48,
2018-02-08,0.08,54,43,
2018-02-09,0.05,51,40,
2018-02-10,0.00,46,30,
2018-02-11,0.00,47,34,
2018-02-12,0.00,47,30,
2018-02-13,0.16,49,27,
2018-02-14,0.09,44,37,
2018-02-15,0.01,45,35,
2018-02-16,0.07,49,42,
2018-02-17,0.25,51,41,
2018-02-18,0.03,41,32,
2018-02-19,0.00,37,28,
2018-02-20,T,37,27,
2018-02-21,0.02,35,23,
2018-02-22,T,39,26,
2018-02-23,T,40,24,
2018-02-24,0.03,45,35,
2018-02-25,0.06,46,34,
2018-02-26,0.00,46,28,
2018-02-27,0.51,50,36,
2018-02-28,0.37,47,39,
2018-03-01,0.02,51,36,
2018-03-02,0.16,47,36,
2018-03-03,0.00,50,33,
2018-03-04,0.07,48,33,
2018-03-05,0.00,48,40,
2018-03-06,0.00,54,36,
2018-03-07,0.05,49,37,
2018-03-08,0.45,53,40,
2018-03-09,0.00,51,39,
2018-03-10,0.00,57,31,
2018-03-11,0.00,64,36,
2018-03-12,0.00,73,38,
2018-03-13,0.16,66,45,
2018-03-14,0.01,54,39,
2018-03-15,0.00,56,32,
2018-03-16,0.00,56,37,
2018-03-17,0.00,55,36,
2018-03-18,0.00,55,38,
2018-03-19,0.00,55,35,
2018-03-20,0.00,55,34,
2018-03-21,0.14,59,34,
2018-03-22,0.36,50,40,
2018-03-23,0.35,49,34,
2018-03-24,0.16,49,35,
2018-03-25,0.00,53,34,
2018-03-26,0.06,48,41,
2018-03-27,0.00,54,46,
2018-03-28,0.00,54,44,
2018-03-29,0.00,56,45,
2018-03-30,T,59,48,
2018-03-31,0.00,59,46,
2018-04-01,0.14,52,36,
2018-04-02,0.00,54,35,
2018-04-03,0.00,51,40,
2018-04-04,0.27,49,42,
2018-04-05,0.19,57,47,
2018-04-06,T,66,51,
2018-04-07,0.74,57,47,
2018-04-08,0.27,53,46,
2018-04-09,0.00,62,42,
2018-04-10,0.20,61,46,
2018-04-11,0.25,55,44,
2018-04-12,0.11,53,42,
2018-04-13,0.38,54,43,
2018-04-14,1.83,53,46,
2018-04-15,0.11,52,44,
2018-04-16,0.25,49,42,
2018-04-17,0.01,54,43,
2018-04-18,T,58,43,
2018-04-19,0.00,62,40,
2018-04-20,T,62,43,
2018-04-21,0.08,58,46,
2018-04-22,0.00,59,43,
2018-04-23,0.00,68,42,
2018-04-24,0.00,74,47,
2018-04-25,0.00,72,51,
2018-04-26,0.00,78,52,
2018-04-27,T,60,50,
2018-04-28,0.37,58,48,
2018-04-29,T,61,47,
2018-04-30,0.00,58,48,
2018-05-01,0.01,62,49,
2018-05-02,0.00,69,44,
2018-05-03,0.00,75,50,
2018-05-04,0.00,64,52,
2018-05-05,0.02,67,50,
2018-05-06,0.00,76,54,
2018-05-07,0.00,69,53,
2018-05-08,0.03,76,52,
2018-05-09,0.00,67,53,
2018-05-10,0.01,61,51,
2018-05-11,0.00,67,52,
2018-05-12,0.00,76,48,
2018-05-13,0.00,82,52,
2018-05-14,0.00,84,58,
2018-05-15,0.00,69,54,
2018-05-16,0.00,68,54,
2018-05-17,0.00,65,54,
2018-05-18,T,66,53,
2018-05-19,0.02,72,54,
2018-05-20,T,67,55,
2018-05-21,0.00,70,54,
2018-05-22,0.00,76,53,
2018-05-23,0.00,81,56,
2018-05-24,T,70,55,
2018-05-25,0.00,66,53,
2018-05-26,0.00,67,53,
2018-05-27,0.00,75,51,
2018-05-28,0.00,71,52,
2018-05-29,0.00,65,51,
2018-05-30,0.00,67,50,
2018-05-31,0.02,65,50,
2018-06-01,0.00,66,49,
2018-06-02,0.00,76,54,
2018-06-03,0.02,63,55,
2018-06-04,0.03,67,51,
2018-06-05,0.00,69,49,
2018-06-06,0.00,76,51,
2018-06-07,0.00,68,55,
2018-06-08,0.23,64,53,
2018-06-09,0.17,63,51,
2018-06-10,0.10,62,49,
2018-06-11,0.00,69,50,
2018-06-12,T,66,51,
2018-06-13,0.11,68,52,
2018-06-14,0.00,66,54,
2018-06-15,0.00,72,52,
2018-06-16,0.00,79,56,
2018-06-17,0.00,87,58,
2018-06-18,0.00,87,60,
2018-06-19,0.00,86,58,
2018-06-20,0.00,84,61,
2018-06-21,0.00,70,59,
2018-06-22,0.04,71,58,
2018-06-23,0.08,72,57,
2018-06-24,0.14,75,55,
2018-06-25,0.02,70,56,
2018-06-26,0.00,71,55,
2018-06-27,0.00,68,54,
2018-06-28,0.00,67,55,
2018-06-29,T,71,56,
2018-06-30,0.01,65,58,
2018-07-01,0.00,71,57,
2018-07-02,0.00,69,54,
2018-07-03,0.00,74,50,
2018-07-04,0.00,81,57,
2018-07-05,0.00,86,59,
2018-07-06,0.00,80,61,
2018-07-07,0.00,75,60,
2018-07-08,0.00,78,57,
2018-07-09,T,74,57,
2018-07-10,0.00,76,58,
2018-07-11,0.00,79,58,
2018-07-12,0.00,86,61,
2018-07-13,0.00,85,61,
2018-07-14,0.00,84,61,
2018-07-15,0.00,90,64,
2018-07-16,0.00,90,63,
2018-07-17,0.00,86,61,
2018-07-18,0.00,78,60,
2018-07-19,0.00,69,57,
2018-07-20,0.00,74,57,
2018-07-21,0.00,78,56,
2018-07-22,0.00,84,58,
2018-07-23,0.00,89,63,
2018-07-24,0.00,88,62,
2018-07-25,0.00,89,63,
2018-07-26,0.00,91,65,
2018-07-27,0.00,88,59,
2018-07-28,0.00,85,59,
2018-07-29,0.00,89,62,
2018-07-30,0.00,89,64,
2018-07-31,0.00,80,60,
2018-08-01,0.00,75,60,
2018-08-02,T,69,59,
2018-08-03,T,75,59,
2018-08-04,0.00,79,59,
2018-08-05,0.00,84,59,
2018-08-06,0.00,85,61,
2018-08-07,0.00,88,63,
2018-08-08,0.00,91,63,
2018-08-09,0.00,90,62,
2018-08-10,0.00,82,63,
2018-08-11,0.02,75,62,
2018-08-12,0.00,73,58,
2018-08-13,0.00,75,58,
2018-08-14,0.00,82,63,
2018-08-15,0.00,84,62,
2018-08-16,0.00,73,59,
2018-08-17,0.00,74,56,
2018-08-18,0.00,79,56,
2018-08-19,0.00,77,59,
2018-08-20,0.00,81,59,
2018-08-21,0.00,87,63,
2018-08-22,0.00,90,59,
2018-08-23,0.00,73,58,
2018-08-24,0.00,70,56,
2018-08-25,T,65,54,
2018-08-26,0.02,66,58,
2018-08-27,0.00,76,57,
2018-08-28,0.00,82,54,
2018-08-29,0.00,77,56,
2018-08-30,0.00,74,61,
2018-08-31,0.00,71,59,
2018-09-01,0.00,72,59,
2018-09-02,0.00,76,53,
2018-09-03,0.00,74,59,
2018-09-04,0.00,74,53,
2018-09-05,0.00,79,57,
2018-09-06,0.00,85,55,
2018-09-07,0.07,75,57,
2018-09-08,M,M,M,
2018-09-09,0.19,77,59,
2018-09-10,0.01,69,58,
2018-09-11,0.05,69,57,
2018-09-12,0.00,68,56,
2018-09-13,0.19,70,55,
2018-09-14,0.29,68,54,
2018-09-15,0.09,64,53,
2018-09-16,0.19,65,52,
2018-09-17,0.00,66,50,
2018-09-18,0.00,66,49,
2018-09-19,0.04,68,47,
2018-09-20,0.18,66,55,
2018-09-21,0.06,72,59,
2018-09-22,0.05,69,55,
2018-09-23,0.00,67,50,
2018-09-24,0.00,67,48,
2018-09-25,0.00,67,49,
2018-09-26,0.00,70,51,
2018-09-27,0.00,72,51,
2018-09-28,0.00,76,56,
2018-09-29,M,69,52,
2018-09-30,T,65,56,
2018-10-01,0.01,64,57,
2018-10-02,T,63,45,
2018-10-03,0.00,56,42,
2018-10-04,0.00,60,46,
2018-10-05,0.01,53,44,
2018-10-06,0.00,60,48,
2018-10-07,T,57,48,
2018-10-08,0.03,57,53,
2018-10-09,0.03,61,51,
2018-10-10,0.00,63,49,
2018-10-11,0.00,62,47,
2018-10-12,0.00,63,43,
2018-10-13,0.00,62,45,
2018-10-14,0.00,66,41,
2018-10-15,0.00,64,40,
2018-10-16,0.00,68,43,
2018-10-17,0.00,70,43,
2018-10-18,0.00,69,42,
2018-10-19,0.00,60,43,
2018-10-20,0.00,58,43,
2018-10-21,0.00,57,43,
2018-10-22,0.00,54,43,
2018-10-23,T,56,43,
2018-10-24,0.00,61,45,
2018-10-25,T,57,53,
2018-10-26,1.05,64,49,
2018-10-27,0.89,57,40,
2018-10-28,0.32,58,48,
2018-10-29,0.01,55,41,
2018-10-30,0.04,57,45,
2018-10-31,0.01,59,50,
2018-11-01,0.04,63,56,
2018-11-02,0.19,63,55,
2018-11-03,0.17,56,53,
2018-11-04,0.12,62,53,
2018-11-05,T,57,46,
2018-11-06,0.05,56,46,
2018-11-07,0.05,53,35,
2018-11-08,0.00,50,34,
2018-11-09,0.10,44,32,
2018-11-10,0.01,52,38,
2018-11-11,0.00,51,35,
2018-11-12,0.00,60,32,
2018-11-13,T,54,36,
2018-11-14,0.04,57,45,
2018-11-15,0.01,57,49,
2018-11-16,0.01,55,48,
2018-11-17,0.00,55,40,
2018-11-18,0.00,53,33,
2018-11-19,0.00,54,32,
2018-11-20,0.00,52,33,
2018-11-21,0.13,52,43,
2018-11-22,0.50,52,44,
2018-11-23,0.59,52,42,
2018-11-24,0.00,49,35,
2018-11-25,T,49,33,
2018-11-26,1.37,57,45,
2018-11-27,0.70,59,49,
2018-11-28,0.24,51,46,
2018-11-29,0.00,51,42,
2018-11-30,0.18,50,43,
2018-12-01,0.06,47,38,
2018-12-02,0.04,47,38,
2018-12-03,0.00,47,37,
2018-12-04,0.00,48,31,
2018-12-05,0.00,47,28,
2018-12-06,0.00,47,25,
2018-12-07,0.00,48,26,
2018-12-08,0.01,47,36,
2018-12-09,0.53,49,41,
2018-12-10,0.09,50,41,
2018-12-11,0.51,51,42,
2018-12-12,0.08,49,37,
2018-12-13,0.22,52,44,
2018-12-14,0.01,58,40,
2018-12-15,0.09,51,41,
2018-12-16,0.48,55,44,
2018-12-17,0.57,54,43,
2018-12-18,0.59,53,46,
2018-12-19,T,50,46,
2018-12-20,0.24,58,42,
2018-12-21,T,43,33,
2018-12-22,0.33,49,35,
2018-12-23,0.68,48,42,
2018-12-24,0.00,52,39,
2018-12-25,T,45,35,
2018-12-26,0.10,44,37,
2018-12-27,0.05,47,39,
2018-12-28,0.37,50,39,
2018-12-29,0.62,52,45,
2018-12-30,T,47,38,
2018-12-31,0.00,44,32,
2019-01-01,0.00,44,31,
2019-01-02,T,47,30,
2019-01-03,0.69,56,42,
2019-01-04,0.11,52,45,
2019-01-05,0.08,50,39,
2019-01-06,0.35,49,37,
2019-01-07,T,45,37,
2019-01-08,0.20,47,37,
2019-01-09,0.25,53,43,
2019-01-10,0.12,53,42,
2019-01-11,0.00,55,40,
2019-01-12,0.00,56,33,
2019-01-13,0.00,53,30,
2019-01-14,0.00,52,30,
2019-01-15,0.00,48,28,
2019-01-16,T,53,30,
2019-01-17,0.11,56,44,
2019-01-18,0.34,53,45,
2019-01-19,0.08,52,39,
2019-01-20,0.00,48,34,
2019-01-21,0.00,48,34,
2019-01-22,0.49,50,39,
2019-01-23,0.16,52,46,
2019-01-24,0.06,48,43,
2019-01-25,0.00,50,38,
2019-01-26,0.00,52,34,
2019-01-27,0.00,44,35,
2019-01-28,0.00,50,36,
2019-01-29,0.00,53,32,
2019-01-30,0.00,51,29,
2019-01-31,T,55,37,
2019-02-01,0.51,51,45,
2019-02-02,T,49,43,
2019-02-03,0.11,43,32,
2019-02-04,0.12,33,25,
2019-02-05,0.00,35,16,
2019-02-06,0.00,37,18,
2019-02-07,0.00,40,19,
2019-02-08,0.39,37,30,
2019-02-09,0.23,34,21,
2019-02-10,0.11,36,14,
2019-02-11,0.89,35,30,
2019-02-12,0.52,40,33,
2019-02-13,0.00,40,32,
2019-02-14,0.14,43,27,
2019-02-15,0.01,47,35,
2019-02-16,0.27,44,33,
2019-02-17,T,45,32,
2019-02-18,0.09,44,34,
2019-02-19,0.03,44,37,
2019-02-20,0.21,44,38,
2019-02-21,0.00,47,29,
2019-02-22,0.13,42,34,
2019-02-23,0.12,46,36,
2019-02-24,T,43,37,
2019-02-25,0.00,44,30,
2019-02-26,0.00,45,27,
2019-02-27,T,44,32,
2019-02-28,0.00,49,27,
2019-03-01,0.00,50,32,
2019-03-02,0.00,51,34,
2019-03-03,0.00,48,27,
2019-03-04,0.00,45,23,
2019-03-05,0.00,48,26,
2019-03-06,0.10,42,36,
2019-03-07,0.15,46,32,
2019-03-08,0.07,42,31,
2019-03-09,0.00,47,27,
2019-03-10,0.00,53,26,
2019-03-11,0.28,51,30,
2019-03-12,0.49,47,36,
2019-03-13,0.00,52,34,
2019-03-14,0.00,56,39,
2019-03-15,0.00,60,39,
2019-03-16,0.00,60,42,
2019-03-17,0.00,62,42,
2019-03-18,0.00,75,40,
2019-03-19,0.00,79,43,
2019-03-20,0.00,M,M,
2019-03-21,0.00,61,45,
2019-03-22,0.01,66,46,
2019-03-23,0.00,60,43,
2019-03-24,0.00,M,M,
2019-03-25,0.16,M,M,
2019-03-26,0.04,59,44,
2019-03-27,0.00,61,42,
2019-03-28,0.00,64,45,
2019-03-29,0.00,63,42,
2019-03-30,0.00,65,41,
2019-03-31,0.00,66,43,
2019-04-01,0.00,68,47,
2019-04-02,0.00,67,50,
2019-04-03,0.01,60,48,
2019-04-04,0.07,65,43,
2019-04-05,0.41,57,47,
2019-04-06,0.22,58,44,
2019-04-07,0.23,56,45,
2019-04-08,0.07,62,48,
2019-04-09,0.19,58,47,
2019-04-10,0.14,54,47,
2019-04-11,0.55,56,46,
2019-04-12,0.15,59,48,
2019-04-13,0.05,52,45,
2019-04-14,0.01,52,44,
2019-04-15,0.00,56,43,
2019-04-16,0.14,57,45,
2019-04-17,0.00,63,49,
2019-04-18,0.10,64,53,
2019-04-19,0.21,57,51,
2019-04-20,T,61,45,
2019-04-21,0.00,61,45,
2019-04-22,0.13,59,44,
2019-04-23,0.00,63,50,
2019-04-24,0.00,61,47,
2019-04-25,0.00,60,43,
2019-04-26,0.00,64,46,
2019-04-27,M,M,M,
2019-04-28,M,M,M,
2019-04-29,0.00,65,45,
2019-04-30,0.00,67,41,
2019-05-01,0.00,64,42,
2019-05-02,0.00,58,48,
2019-05-03,0.00,62,46,
2019-05-04,0.00,67,47,
2019-05-05,0.00,68,46,
2019-05-06,0.00,74,47,
2019-05-07,0.00,73,53,
2019-05-08,0.00,73,50,
2019-05-09,0.00,82,57,
2019-05-10,0.00,84,54,
2019-05-11,0.00,83,54,
2019-05-12,0.00,67,53,
2019-05-13,0.00,67,49,
2019-05-14,0.05,62,53,
2019-05-15,0.03,67,53,
2019-05-16,0.16,65,54,
2019-05-17,0.15,65,53,
2019-05-18,0.00,71,51,
2019-05-19,T,71,55,
2019-05-20,T,59,52,
2019-05-21,T,62,51,
2019-05-22,0.00,74,51,
2019-05-23,0.00,78,53,
2019-05-24,0.00,61,54,
2019-05-25,0.23,57,53,
2019-05-26,0.00,71,54,
2019-05-27,0.00,78,54,
2019-05-28,0.00,66,56,
2019-05-29,0.00,71,54,
2019-05-30,0.00,76,55,
2019-05-31,0.00,77,56,
2019-06-01,0.00,75,51,
2019-06-02,0.00,75,55,
2019-06-03,0.00,70,45,
2019-06-04,0.00,74,51,
2019-06-05,0.00,67,51,
2019-06-06,T,65,50,
2019-06-07,T,61,51,
2019-06-08,0.00,69,52,
2019-06-09,0.00,73,51,
2019-06-10,0.00,78,55,
2019-06-11,0.00,82,60,
2019-06-12,0.00,94,66,
2019-06-13,0.00,80,58,
2019-06-14,0.00,70,57,
2019-06-15,0.00,75,54,
2019-06-16,0.00,77,56,
2019-06-17,0.00,76,56,
2019-06-18,T,65,57,
2019-06-19,T,70,53,
2019-06-20,M,69,50,
2019-06-21,0.00,72,56,
2019-06-22,0.00,67,55,
2019-06-23,T,64,54,
2019-06-24,T,70,53,
2019-06-25,0.00,75,52,
2019-06-26,T,72,54,
2019-06-27,T,72,57,
2019-06-28,0.00,74,56,
2019-06-29,0.00,77,56,
2019-06-30,0.00,80,57,
2019-07-01,0.00,82,58,
2019-07-02,0.28,62,58,
2019-07-03,0.00,70,58,
2019-07-04,0.00,75,56,
2019-07-05,T,71,58,
2019-07-06,0.00,73,59,
2019-07-07,0.01,69,59,
2019-07-08,0.01,76,58,
2019-07-09,0.12,76,59,
2019-07-10,0.11,72,62,
2019-07-11,0.00,77,62,
2019-07-12,0.00,80,61,
2019-07-13,0.00,80,64,
2019-07-14,0.00,80,60,
2019-07-15,0.04,71,64,
2019-07-16,0.00,80,63,
2019-07-17,0.02,73,60,
2019-07-18,0.04,74,57,
2019-07-19,T,72,57,
2019-07-20,0.00,79,55,
2019-07-21,0.00,89,58,
2019-07-22,0.00,83,58,
2019-07-23,0.00,72,62,
2019-07-24,0.00,77,60,
2019-07-25,0.00,83,59,
2019-07-26,0.00,88,62,
2019-07-27,0.00,74,63,
2019-07-28,0.00,78,59,
2019-07-29,0.00,82,58,
2019-07-30,0.00,77,58,
2019-07-31,0.00,83,59,
2019-08-01,0.00,86,62,
2019-08-02,0.20,78,64,
2019-08-03,0.00,80,61,
2019-08-04,0.00,84,59,
2019-08-05,0.00,85,63,
2019-08-06,0.00,81,59,
2019-08-07,0.00,79,59,
2019-08-08,0.00,70,62,
2019-08-09,0.00,76,62,
2019-08-10,0.18,74,59,
2019-08-11,0.00,72,62,
2019-08-12,0.00,79,61,
2019-08-13,0.00,84,60,
2019-08-14,0.00,84,63,
2019-08-15,T,80,61,
2019-08-16,0.00,70,61,
2019-08-17,0.00,74,61,
2019-08-18,0.00,77,60,
2019-08-19,0.00,76,62,
2019-08-20,0.00,83,57,
2019-08-21,0.10,71,60,
2019-08-22,T,73,58,
2019-08-23,0.00,73,55,
2019-08-24,0.00,78,60,
2019-08-25,0.00,75,62,
2019-08-26,0.00,78,58,
2019-08-27,0.00,82,61,
2019-08-28,0.00,87,60,
2019-08-29,0.02,79,61,
2019-08-30,0.00,79,65,
2019-08-31,0.01,78,63,
2019-09-01,0.00,80,65,
2019-09-02,0.00,77,61,
2019-09-03,0.00,82,60,
2019-09-04,0.00,75,60,
2019-09-05,0.00,79,59,
2019-09-06,0.00,80,62,
2019-09-07,0.41,68,62,
2019-09-08,T,74,59,
2019-09-09,0.06,69,60,
2019-09-10,0.00,72,59,
2019-09-11,0.00,74,57,
2019-09-12,0.14,80,58,
2019-09-13,T,71,61,
2019-09-14,0.01,68,60,
2019-09-15,0.07,62,57,
2019-09-16,T,69,51,
2019-09-17,0.13,62,56,
2019-09-18,0.06,68,55,
2019-09-19,T,71,52,
2019-09-20,0.00,68,58,
2019-09-21,M,68,58,
2019-09-22,0.01,65,59,
2019-09-23,0.01,62,56,
2019-09-24,T,70,59,
2019-09-25,0.00,69,54,
2019-09-26,0.02,69,59,
2019-09-27,0.03,65,48,
2019-09-28,T,60,48,
2019-09-29,0.04,56,44,
2019-09-30,0.00,60,40,
2019-10-01,0.00,63,38,
2019-10-02,0.00,65,40,
2019-10-03,0.02,63,50,
2019-10-04,T,62,50,
2019-10-05,0.00,64,49,
2019-10-06,0.00,63,41,
2019-10-07,0.00,65,49,
2019-10-08,0.24,54,41,
2019-10-09,0.00,53,36,
2019-10-10,0.00,57,34,
2019-10-11,0.00,63,39,
2019-10-12,0.00,58,42,
2019-10-13,0.00,60,47,
2019-10-14,0.00,61,43,
2019-10-15,0.00,61,45,
2019-10-16,0.23,60,50,
2019-10-17,0.05,58,50,
2019-10-18,0.54,53,49,
2019-10-19,0.24,53,45,
2019-10-20,0.06,54,45,
2019-10-21,0.04,61,53,
2019-10-22,T,60,49,
2019-10-23,0.00,57,42,
2019-10-24,0.00,61,45,
2019-10-25,0.10,60,46,
2019-10-26,T,55,42,
2019-10-27,0.00,56,34,
2019-10-28,0.00,52,33,
2019-10-29,0.00,50,34,
2019-10-30,0.00,52,30,
2019-10-31,0.00,53,32,
2019-11-01,0.00,55,39,
2019-11-02,0.00,56,38,
2019-11-03,0.00,56,35,
2019-11-04,0.00,57,41,
2019-11-05,M,M,M,
2019-11-06,0.00,55,41,
2019-11-07,0.00,56,36,
2019-11-08,0.00,61,36,
2019-11-09,0.01,53,48,
2019-11-10,0.00,55,50,
2019-11-11,0.00,60,46,
2019-11-12,0.07,52,48,
2019-11-13,0.00,56,46,
2019-11-14,0.00,56,43,
2019-11-15,0.08,59,47,
2019-11-16,T,54,48,
2019-11-17,0.03,59,48,
2019-11-18,M,M,M,
2019-11-19,0.06,53,42,
2019-11-20,0.00,51,40,
2019-11-21,0.00,47,32,
2019-11-22,0.00,45,33,
2019-11-23,0.00,53,34,
2019-11-24,0.02,53,44,
2019-11-25,0.05,47,38,
2019-11-26,T,46,35,
2019-11-27,0.00,49,38,
2019-11-28,0.00,46,29,
2019-11-29,0.00,43,26,
2019-11-30,0.00,48,24,
2019-12-01,0.01,45,32,
2019-12-02,0.00,52,36,
2019-12-03,0.00,55,43,
2019-12-04,T,51,47,
2019-12-05,0.00,51,46,
2019-12-06,T,55,44,
2019-12-07,0.04,51,47,
2019-12-08,T,52,46,
2019-12-09,0.00,48,42,
2019-12-10,0.03,45,40,
2019-12-11,0.08,50,43,
2019-12-12,0.07,51,47,
2019-12-13,T,50,44,
2019-12-14,0.20,46,42,
2019-12-15,0.12,43,35,
2019-12-16,0.00,47,36,
2019-12-17,0.00,49,33,
2019-12-18,0.05,48,37,
2019-12-19,0.70,54,41,
2019-12-20,1.57,55,47,
2019-12-21,0.17,53,43,
2019-12-22,0.02,46,40,
2019-12-23,0.09,45,36,
2019-12-24,T,40,32,
2019-12-25,0.00,44,32,
2019-12-26,T,40,27,
2019-12-27,T,44,37,
2019-12-28,T,48,40,
2019-12-29,T,53,40,
2019-12-30,0.01,49,43,
2019-12-31,0.08,55,45,
2020-01-01,0.00,54,45,
2020-01-02,T,51,41,
2020-01-03,0.06,61,47,
2020-01-04,0.03,47,42,
2020-01-05,0.10,50,40,
2020-01-06,0.07,52,41,
2020-01-07,0.03,55,47,
2020-01-08,T,47,34,
2020-01-09,T,41,32,
2020-01-10,0.15,46,35,
2020-01-11,T,47,40,
2020-01-12,0.06,46,33,
2020-01-13,0.03,37,30,
2020-01-14,T,37,29,
2020-01-15,T,43,32,
2020-01-16,T,46,34,
2020-01-17,T,43,32,
2020-01-18,0.21,53,39,
2020-01-19,0.01,51,42,
2020-01-20,T,53,43,
2020-01-21,0.65,51,43,
2020-01-22,T,49,44,
2020-01-23,0.37,55,48,
2020-01-24,0.47,53,47,
2020-01-25,0.04,51,45,
2020-01-26,0.15,54,45,
2020-01-27,0.33,52,41,
2020-01-28,0.34,52,45,
2020-01-29,0.02,51,42,
2020-01-30,0.02,48,44,
2020-01-31,0.27,58,48,
2020-02-01,0.72,54,37,
2020-02-02,T,45,32,
2020-02-03,T,44,35,
2020-02-04,0.03,41,32,
2020-02-05,0.18,51,41,
2020-02-06,0.43,51,44,
2020-02-07,0.16,52,44,
2020-02-08,T,48,42,
2020-02-09,0.00,48,32,
2020-02-10,0.00,48,34,
2020-02-11,0.01,47,34,
2020-02-12,0.04,49,42,
2020-02-13,0.03,48,38,
2020-02-14,0.01,51,42,
2020-02-15,0.04,47,42,
2020-02-16,0.06,49,37,
2020-02-17,0.00,49,34,
2020-02-18,0.00,48,32,
2020-02-19,0.00,53,30,
2020-02-20,0.00,56,32,
2020-02-21,0.00,56,31,
2020-02-22,T,49,41,
2020-02-23,0.13,50,39,
2020-02-24,0.00,50,38,
2020-02-25,T,52,34,
2020-02-26,0.00,54,42,
2020-02-27,0.00,58,38,
2020-02-28,0.07,50,36,
2020-02-29,0.09,49,35,
2020-03-01,T,48,32,
2020-03-02,T,49,41,
2020-03-03,T,53,46,
2020-03-04,0.00,52,38,
2020-03-05,0.07,56,37,
2020-03-06,0.11,44,40,
2020-03-07,0.01,46,39,
2020-03-08,0.00,49,37,
2020-03-09,0.00,51,30,
2020-03-10,0.00,51,33,
2020-03-11,0.01,51,40,
2020-03-12,T,51,38,
2020-03-13,0.05,44,37,
2020-03-14,0.00,44,35,
2020-03-15,0.00,47,33,
2020-03-16,0.00,54,35,
2020-03-17,0.00,53,30,
2020-03-18,0.00,58,32,
2020-03-19,0.00,61,33,
2020-03-20,0.00,62,36,
2020-03-21,0.00,55,38,
2020-03-22,0.00,57,36,
2020-03-23,0.03,51,42,
2020-03-24,T,50,40,
2020-03-25,0.08,50,38,
2020-03-26,T,49,38,
2020-03-27,T,50,43,
2020-03-28,0.19,56,46,
2020-03-29,0.15,56,46,
2020-03-30,0.40,50,39,
2020-03-31,0.02,51,41,
2020-04-01,T,51,38,
2020-04-02,0.00,51,36,
2020-04-03,T,50,39,
2020-04-04,0.00,53,33,
2020-04-05,0.00,56,45,
2020-04-06,0.00,61,38,
2020-04-07,0.00,57,40,
2020-04-08,0.00,60,40,
2020-04-09,0.00,67,42,
2020-04-10,0.00,66,42,
2020-04-11,0.00,60,43,
2020-04-12,0.00,60,34,
2020-04-13,0.00,64,32,
2020-04-14,0.00,64,40,
2020-04-15,0.00,65,46,
2020-04-16,0.00,69,43,
2020-04-17,T,69,40,
2020-04-18,0.01,58,48,
2020-04-19,0.00,65,47,
2020-04-20,0.00,67,44,
2020-04-21,0.00,58,49,
2020-04-22,0.27,56,49,
2020-04-23,0.10,59,49,
2020-04-24,0.00,60,49,
2020-04-25,0.39,63,50,
2020-04-26,0.03,62,44,
2020-04-27,0.08,61,50,
2020-04-28,0.00,64,43,
2020-04-29,T,70,50,
2020-04-30,T,59,48,
2020-05-01,T,66,41,
2020-05-02,0.11,57,48,
2020-05-03,0.03,58,44,
2020-05-04,0.00,65,40,
2020-05-05,0.00,71,52,
2020-05-06,T,61,49,
2020-05-07,0.00,66,45,
2020-05-08,0.00,77,50,
2020-05-09,0.00,87,54,
2020-05-10,0.00,87,57,
2020-05-11,T,77,55,
2020-05-12,0.01,66,52,
2020-05-13,T,66,53,
2020-05-14,0.05,67,52,
2020-05-15,T,69,52,
2020-05-16,0.39,64,54,
2020-05-17,0.09,70,54,
2020-05-18,0.00,68,53,
2020-05-19,0.00,65,53,
2020-05-20,T,60,52,
2020-05-21,0.17,58,47,
2020-05-22,0.10,61,48,
2020-05-23,0.00,64,49,
2020-05-24,0.00,71,51,
2020-05-25,0.01,64,55,
2020-05-26,0.00,68,53,
2020-05-27,0.00,73,50,
2020-05-28,0.00,79,59,
2020-05-29,0.00,78,59,
2020-05-30,0.72,59,52,
2020-05-31,0.01,63,50,
2020-06-01,0.00,68,50,
2020-06-02,T,66,50,
2020-06-03,0.00,66,54,
2020-06-04,0.00,69,55,
2020-06-05,0.00,67,52,
2020-06-06,T,65,52,
2020-06-07,T,65,51,
2020-06-08,T,65,52,
2020-06-09,0.05,64,52,
2020-06-10,0.03,73,56,
2020-06-11,0.05,72,58,
2020-06-12,0.21,60,54,
2020-06-13,0.01,64,52,
2020-06-14,0.00,67,51,
2020-06-15,0.03,66,54,
2020-06-16,T,68,52,
2020-06-17,0.00,73,51,
2020-06-18,0.00,75,54,
2020-06-19,0.00,80,58,
2020-06-20,0.01,74,60,
2020-06-21,0.00,70,58,
2020-06-22,0.00,78,55,
2020-06-23,0.00,82,60,
2020-06-24,0.00,76,62,
2020-06-25,0.00,79,60,
2020-06-26,0.00,82,60,
2020-06-27,0.32,63,53,
2020-06-28,0.09,71,53,
2020-06-29,0.00,72,55,
2020-06-30,T,65,55,
2020-07-01,T,67,55,
2020-07-02,0.00,68,57,
2020-07-03,0.00,67,56,
2020-07-04,0.00,71,55,
2020-07-05,0.00,75,55,
2020-07-06,0.00,72,56,
2020-07-07,T,68,57,
2020-07-08,0.00,74,59,
2020-07-09,T,73,59,
2020-07-10,0.00,74,54,
2020-07-11,T,70,56,
2020-07-12,0.02,73,57,
2020-07-13,0.00,75,55,
2020-07-14,0.00,79,56,
2020-07-15,0.00,82,60,
2020-07-16,0.00,77,62,
2020-07-17,0.06,70,58,
2020-07-18,0.00,80,56,
2020-07-19,0.00,83,60,
2020-07-20,0.00,86,63,
2020-07-21,0.00,81,64,
2020-07-22,T,72,60,
2020-07-23,0.00,69,59,
2020-07-24,0.00,71,57,
2020-07-25,0.00,76,56,
2020-07-26,0.00,83,60,
2020-07-27,0.00,93,62,
2020-07-28,0.00,80,59,
2020-07-29,0.00,84,60,
2020-07-30,0.00,86,61,
2020-07-31,0.00,83,62,
2020-08-01,0.00,77,60,
2020-08-02,0.00,82,59,
2020-08-03,0.00,81,60,
2020-08-04,0.00,82,62,
2020-08-05,0.00,83,62,
2020-08-06,0.05,67,58,
2020-08-07,T,75,59,
2020-08-08,T,70,58,
2020-08-09,0.00,76,55,
2020-08-10,0.00,80,57,
2020-08-11,0.00,75,57,
2020-08-12,0.00,71,57,
2020-08-13,0.00,75,54,
2020-08-14,0.00,79,56,
2020-08-15,0.00,84,61,
2020-08-16,0.00,98,64,
2020-08-17,0.00,90,66,
2020-08-18,0.00,81,62,
2020-08-19,0.00,84,60,
2020-08-20,0.02,80,64,
2020-08-21,T,73,62,
2020-08-22,T,74,59,
2020-08-23,0.00,76,55,
2020-08-24,0.00,76,57,
2020-08-25,0.00,76,54,
2020-08-26,0.00,76,59,
2020-08-27,0.00,79,57,
2020-08-28,0.00,78,58,
2020-08-29,0.00,72,58,
2020-08-30,T,74,51,
2020-08-31,T,71,55,
2020-09-01,0.00,80,59,
2020-09-02,0.00,80,59,
2020-09-03,0.00,81,58,
2020-09-04,0.00,84,59,
2020-09-05,0.00,74,60,
2020-09-06,0.00,79,57,
2020-09-07,0.00,84,61,
2020-09-08,0.00,82,64,
2020-09-09,0.00,90,58,
2020-09-10,0.00,89,59,
2020-09-11,0.00,77,56,
2020-09-12,0.00,62,53,
2020-09-13,0.00,65,50,
2020-09-14,0.05,70,58,
2020-09-15,T,78,61,
2020-09-16,0.00,72,60,
2020-09-17,0.00,73,62,
2020-09-18,0.22,68,61,
2020-09-19,0.01,73,61,
2020-09-20,T,72,57,
2020-09-21,0.00,72,53,
2020-09-22,T,74,60,
2020-09-23,0.76,64,59,
2020-09-24,0.41,65,58,
2020-09-25,0.39,66,56,
2020-09-26,0.02,67,55,
2020-09-27,0.00,68,52,
2020-09-28,0.00,72,54,
2020-09-29,0.00,77,54,
2020-09-30,0.00,75,54,
2020-10-01,0.00,69,55,
2020-10-02,0.00,73,55,
2020-10-03,0.00,60,54,
2020-10-04,0.00,62,57,
2020-10-05,0.00,67,56,
2020-10-06,0.00,70,54,
2020-10-07,0.00,64,56,
2020-10-08,0.00,68,56,
2020-10-09,0.55,68,59,
2020-10-10,0.10,64,53,
2020-10-11,0.21,62,51,
2020-10-12,T,62,52,
2020-10-13,0.45,64,50,
2020-10-14,0.00,63,49,
2020-10-15,0.00,62,44,
2020-10-16,0.04,65,50,
2020-10-17,T,58,53,
2020-10-18,T,63,53,
2020-10-19,0.02,59,51,
2020-10-20,T,60,46,
2020-10-21,0.22,55,41,
2020-10-22,0.00,54,39,
2020-10-23,0.05,51,38,
2020-10-24,0.00,51,37,
2020-10-25,0.00,50,33,
2020-10-26,T,52,35,
2020-10-27,0.00,59,46,
2020-10-28,0.00,57,45,
2020-10-29,0.00,62,47,
2020-10-30,0.01,62,48,
2020-10-31,0.00,57,39,
2020-11-01,0.00,60,42,
2020-11-02,0.00,67,37,
2020-11-03,0.58,59,47,
2020-11-04,0.05,65,59,
2020-11-05,0.03,60,46,
2020-11-06,T,51,35,
2020-11-07,T,46,34,
2020-11-08,0.00,48,29,
2020-11-09,0.01,M,M,
2020-11-10,0.01,M,M,
2020-11-11,0.00,47,35,
2020-11-12,0.26,51,39,
2020-11-13,0.36,53,43,
2020-11-14,0.36,49,40,
2020-11-15,0.05,54,47,
2020-11-16,0.26,48,45,
2020-11-17,0.20,63,44,
2020-11-18,0.46,50,43,
2020-11-19,T,50,44,
2020-11-20,0.01,51,43,
2020-11-21,T,54,41,
2020-11-22,0.04,47,36,
2020-11-23,0.06,48,38,
2020-11-24,0.04,53,44,
2020-11-25,0.05,49,43,
2020-11-26,0.01,50,43,
2020-11-27,T,52,43,
2020-11-28,T,48,37,
2020-11-29,0.00,42,34,
2020-11-30,0.38,51,37,
2020-12-01,0.00,50,34,
2020-12-02,0.00,57,33,
2020-12-03,0.00,50,32,
2020-12-04,0.00,54,33,
2020-12-05,T,60,30,
2020-12-06,T,54,40,
2020-12-07,T,54,40,
2020-12-08,0.24,53,47,
2020-12-09,T,50,39,
2020-12-10,T,45,35,
2020-12-11,T,46,37,
2020-12-12,0.00,44,31,
2020-12-13,0.07,44,37,
2020-12-14,0.05,50,41,
2020-12-15,0.08,49,41,
2020-12-16,0.28,50,44,
2020-12-17,0.04,51,45,
2020-12-18,0.05,52,44,
2020-12-19,0.15,54,45,
2020-12-20,T,55,47,
2020-12-21,1.78,56,32,
2020-12-22,0.00,46,32,
2020-12-23,0.00,44,28,
2020-12-24,0.00,44,26,
2020-12-25,0.24,46,31,
2020-12-26,0.01,50,38,
2020-12-27,0.05,47,33,
2020-12-28,0.00,47,29,
2020-12-29,0.04,41,34,
2020-12-30,0.48,49,40,
2020-12-31,0.02,51,46,
2021-01-01,0.18,52,44,
2021-01-02,1.46,49,41,
2021-01-03,0.14,48,38,
2021-01-04,0.12,50,44,
2021-01-05,0.69,47,40,
2021-01-06,0.12,52,36,
2021-01-07,0.00,50,40,
2021-01-08,0.09,51,35,
2021-01-09,0.00,45,34,
2021-01-10,0.02,49,41,
2021-01-11,0.60,47,39,
2021-01-12,1.49,57,45,
2021-01-13,0.02,57,38,
2021-01-14,0.05,53,36,
2021-01-15,0.03,54,39,
2021-01-16,0.00,47,36,
2021-01-17,T,50,40,
2021-01-18,0.00,49,38,
2021-01-19,0.00,44,34,
2021-01-20,0.00,45,33,
2021-01-21,0.01,47,41,
2021-01-22,0.00,47,31,
2021-01-23,T,43,25,
2021-01-24,0.02,41,37,
2021-01-25,0.00,45,34,
2021-01-26,0.00,44,30,
2021-01-27,0.02,46,37,
2021-01-28,0.14,46,38,
2021-01-29,0.01,47,39,
2021-01-30,0.05,49,40,
2021-01-31,0.04,48,43,
2021-02-01,0.35,50,43,
2021-02-02,0.26,46,39,
2021-02-03,0.02,49,40,
2021-02-04,T,49,42,
2021-02-05,T,53,44,
2021-02-06,T,51,43,
2021-02-07,T,48,39,
2021-02-08,0.06,43,33,
2021-02-09,0.00,43,34,
2021-02-10,0.00,42,27,
2021-02-11,T,38,30,
2021-02-12,0.02,35,25,
2021-02-13,0.18,31,25,
2021-02-14,0.07,36,30,
2021-02-15,0.07,45,33,
2021-02-16,T,50,36,
2021-02-17,0.02,48,35,
2021-02-18,0.02,45,35,
2021-02-19,0.03,49,41,
2021-02-20,T,50,38,
2021-02-21,0.10,52,42,
2021-02-22,0.03,52,40,
2021-02-23,0.13,49,35,
2021-02-24,T,46,33,
2021-02-25,0.09,50,38,
2021-02-26,0.06,52,38,
2021-02-27,T,48,31,
2021-02-28,T,53,40,
2021-03-01,0.00,58,37,
2021-03-02,T,49,40,
2021-03-03,0.00,57,33,
2021-03-04,0.19,52,36,
2021-03-05,0.01,54,44,
2021-03-06,T,51,39,
2021-03-07,0.18,47,35,
2021-03-08,0.00,52,29,
2021-03-09,T,54,34,
2021-03-10,0.00,52,31,
2021-03-11,0.00,54,32,
2021-03-12,0.00,57,31,
2021-03-13,0.00,60,32,
2021-03-14,0.10,48,39,
2021-03-15,T,48,36,
2021-03-16,0.00,51,31,
2021-03-17,0.00,59,32,
2021-03-18,0.12,54,38,
2021-03-19,0.05,56,37,
2021-03-20,0.13,53,42,
2021-03-21,T,45,40,
2021-03-22,0.16,51,38,
2021-03-23,0.00,54,37,
2021-03-24,0.22,51,43,
2021-03-25,0.12,53,42,
2021-03-26,0.00,54,40,
2021-03-27,0.00,54,42,
2021-03-28,0.34,48,39,
2021-03-29,0.00,50,31,
2021-03-30,0.00,54,31,
2021-03-31,0.00,59,34,
2021-04-01,0.00,56,39,
2021-04-02,0.00,57,41,
2021-04-03,T,62,40,
2021-04-04,T,50,43,
2021-04-05,0.00,56,33,
2021-04-06,0.00,60,35,
2021-04-07,0.08,48,43,
2021-04-08,0.01,54,39,
2021-04-09,0.01,50,35,
2021-04-10,T,52,39,
2021-04-11,0.00,52,32,
2021-04-12,0.00,57,37,
2021-04-13,0.00,62,41,
2021-04-14,0.00,66,42,
2021-04-15,0.00,74,43,
2021-04-16,0.00,76,46,
2021-04-17,0.00,77,46,
2021-04-18,0.00,80,46,
2021-04-19,0.00,72,45,
2021-04-20,0.00,71,46,
2021-04-21,0.00,71,46,
2021-04-22,0.00,62,48,
2021-04-23,T,60,45,
2021-04-24,0.04,50,47,
2021-04-25,0.06,60,47,
2021-04-26,0.00,60,44,
2021-04-27,0.00,60,45,
2021-04-28,0.00,65,48,
2021-04-29,0.00,74,50,
2021-04-30,0.03,65,51,
2021-05-01,0.01,59,48,
2021-05-02,0.00,62,44,
2021-05-03,0.08,58,46,
2021-05-04,T,63,50,
2021-05-05,0.00,68,46,
2021-05-06,T,66,48,
2021-05-07,0.01,57,46,
2021-05-08,0.00,58,44,
2021-05-09,T,63,49,
2021-05-10,0.00,65,43,
2021-05-11,0.00,68,47,
2021-05-12,0.00,69,55,
2021-05-13,0.00,71,49,
2021-05-14,0.00,73,43,
2021-05-15,0.00,73,50,
2021-05-16,0.00,76,51,
2021-05-17,0.03,62,51,
2021-05-18,0.25,61,46,
2021-05-19,0.00,58,44,
2021-05-20,T,62,46,
2021-05-21,0.00,63,46,
2021-05-22,0.00,63,47,
2021-05-23,T,63,52,
2021-05-24,0.01,63,50,
2021-05-25,0.00,64,52,
2021-05-26,0.00,64,51,
2021-05-27,0.18,60,51,
2021-05-28,0.00,64,50,
2021-05-29,0.00,71,47,
2021-05-30,0.00,71,52,
2021-05-31,0.00,78,53,
2021-06-01,0.00,83,58,
2021-06-02,0.00,86,60,
2021-06-03,0.00,78,57,
2021-06-04,0.00,69,53,
2021-06-05,T,67,51,
2021-06-06,0.48,58,46,
2021-06-07,0.08,64,45,
2021-06-08,T,68,49,
2021-06-09,0.00,68,48,
2021-06-10,0.00,66,49,
2021-06-11,0.28,60,54,
2021-06-12,0.08,73,52,
2021-06-13,0.49,65,59,
2021-06-14,0.01,66,56,
2021-06-15,T,69,55,
2021-06-16,0.00,71,54,
2021-06-17,0.00,78,54,
2021-06-18,0.00,73,56,
2021-06-19,0.00,77,54,
2021-06-20,0.00,79,60,
2021-06-21,0.00,88,62,
2021-06-22,0.00,78,60,
2021-06-23,0.00,78,56,
2021-06-24,0.00,82,58,
2021-06-25,0.00,88,63,
2021-06-26,0.00,99,69,
2021-06-27,0.00,98,72,
2021-06-28,0.00,104,76,
2021-06-29,0.00,85,63,
2021-06-30,0.00,75,61,
2021-07-01,0.00,74,64,
2021-07-02,0.00,79,61,
2021-07-03,0.00,83,61,
2021-07-04,0.00,78,58,
2021-07-05,0.00,74,57,
2021-07-06,0.00,81,58,
2021-07-07,0.00,72,58,
2021-07-08,0.00,74,54,
2021-07-09,0.00,80,56,
2021-07-10,T,78,59,
2021-07-11,0.00,80,58,
2021-07-12,0.00,82,57,
2021-07-13,0.00,82,56,
2021-07-14,0.00,76,55,
2021-07-15,0.00,71,55,
2021-07-16,0.00,69,57,
2021-07-17,0.00,75,56,
2021-07-18,0.00,79,58,
2021-07-19,0.00,83,59,
2021-07-20,0.00,72,59,
2021-07-21,0.00,72,57,
2021-07-22,0.00,75,59,
2021-07-23,0.00,78,55,
2021-07-24,0.00,82,62,
2021-07-25,0.00,84,61,
2021-07-26,0.00,81,61,
2021-07-27,0.00,84,62,
2021-07-28,0.00,85,62,
2021-07-29,0.00,87,62,
2021-07-30,0.00,88,60,
2021-07-31,0.00,76,65,
2021-08-01,0.00,82,65,
2021-08-02,0.00,82,60,
2021-08-03,0.02,83,61,
2021-08-04,0.00,85,60,
2021-08-05,T,84,64,
2021-08-06,0.00,78,63,
2021-08-07,0.00,77,60,
2021-08-08,0.31,74,56,
2021-08-09,0.00,77,57,
2021-08-10,0.00,84,60,
2021-08-11,0.00,90,63,
2021-08-12,0.00,90,70,
2021-08-13,0.00,92,68,
2021-08-14,0.00,83,63,
2021-08-15,0.00,82,61,
2021-08-16,0.00,76,59,
2021-08-17,0.00,69,56,
2021-08-18,0.00,77,54,
2021-08-19,0.00,79,57,
2021-08-20,0.00,66,58,
2021-08-21,0.00,70,56,
2021-08-22,0.00,69,56,
2021-08-23,0.00,71,54,
2021-08-24,0.00,76,54,
2021-08-25,0.00,77,52,
2021-08-26,T,71,60,
2021-08-27,0.03,68,58,
2021-08-28,0.00,76,54,
2021-08-29,0.00,77,56,
2021-08-30,0.00,63,51,
2021-08-31,0.00,67,54,
2021-09-01,0.00,71,46,
2021-09-02,0.00,76,50,
2021-09-03,0.00,77,50,
2021-09-04,0.00,79,53,
2021-09-05,0.00,79,63,
2021-09-06,T,74,60,
2021-09-07,0.00,77,56,
2021-09-08,T,80,63,
2021-09-09,0.00,81,58,
2021-09-10,0.00,66,59,
2021-09-11,0.00,72,57,
2021-09-12,0.01,67,56,
2021-09-13,0.00,69,56,
2021-09-14,0.00,71,50,
2021-09-15,T,64,54,
2021-09-16,0.00,66,46,
2021-09-17,0.40,69,54,
2021-09-18,0.34,65,53,
2021-09-19,T,65,52,
2021-09-20,0.00,69,54,
2021-09-21,0.00,74,52,
2021-09-22,T,68,55,
2021-09-23,0.00,68,55,
2021-09-24,0.00,73,53,
2021-09-25,0.00,78,52,
2021-09-26,0.33,64,54,
2021-09-27,0.33,62,52,
2021-09-28,0.07,64,52,
2021-09-29,0.05,60,52,
2021-09-30,0.19,64,55,
2021-10-01,0.00,62,50,
2021-10-02,0.00,67,47,
2021-10-03,T,58,52,
2021-10-04,0.00,63,50,
2021-10-05,0.14,56,46,
2021-10-06,0.02,59,45,
2021-10-07,T,58,44,
2021-10-08,0.00,59,40,
2021-10-09,T,58,42,
2021-10-10,0.09,56,44,
2021-10-11,0.05,54,38,
2021-10-12,T,51,35,
2021-10-13,T,54,45,
2021-10-14,0.01,60,47,
2021-10-15,T,61,52,
2021-10-16,T,68,53,
2021-10-17,T,57,51,
2021-10-18,0.00,56,50,
2021-10-19,0.00,61,43,
2021-10-20,0.11,62,48,
2021-10-21,0.41,69,46,
2021-10-22,0.02,57,48,
2021-10-23,0.08,56,48,
2021-10-24,0.23,60,48,
2021-10-25,0.02,59,51,
2021-10-26,0.06,57,48,
2021-10-27,0.02,55,48,
2021-10-28,1.08,61,48,
2021-10-29,0.19,53,43,
2021-10-30,0.00,55,38,
2021-10-31,0.00,57,34,
2021-11-01,0.05,54,36,
2021-11-02,0.06,50,43,
2021-11-03,0.35,60,44,
2021-11-04,0.39,58,45,
2021-11-05,0.10,52,41,
2021-11-06,0.56,48,42,
2021-11-07,0.45,49,40,
2021-11-08,T,57,36,
2021-11-09,0.58,54,43,
2021-11-10,0.01,54,39,
2021-11-11,0.67,55,46,
2021-11-12,0.34,60,49,
2021-11-13,0.51,52,44,
2021-11-14,0.27,61,52,
2021-11-15,0.18,63,40,
2021-11-16,0.00,50,36,
2021-11-17,0.00,51,32,
2021-11-18,0.23,48,41,
2021-11-19,0.14,47,42,
2021-11-20,0.01,49,38,
2021-11-21,0.00,48,35,
2021-11-22,0.01,48,32,
2021-11-23,0.36,50,37,
2021-11-24,T,48,34,
2021-11-25,0.20,49,43,
2021-11-26,T,55,46,
2021-11-27,0.26,60,47,
2021-11-28,0.01,61,54,
2021-11-29,0.00,59,53,
2021-11-30,0.01,55,52,
2021-12-01,0.00,58,53,
2021-12-02,0.10,54,42,
2021-12-03,0.00,44,36,
2021-12-04,0.16,42,34,
2021-12-05,0.03,43,32,
2021-12-06,0.02,44,38,
2021-12-07,T,50,43,
2021-12-08,0.11,50,38,
2021-12-09,0.00,44,34,
2021-12-10,0.19,46,39,
2021-12-11,0.45,49,37,
2021-12-12,0.13,42,35,
2021-12-13,M,M,M,
2021-12-14,T,M,M,
2021-12-15,T,44,36,
2021-12-16,T,45,37,
2021-12-17,0.04,45,33,
2021-12-18,0.42,52,37,
2021-12-19,T,46,37,
2021-12-20,0.06,39,36,
2021-12-21,0.13,42,36,
2021-12-22,0.51,51,41,
2021-12-23,0.10,46,39,
2021-12-24,0.20,42,36,
2021-12-25,T,38,31,
2021-12-26,0.25,32,22,
2021-12-27,T,24,17,
2021-12-28,T,29,23,
2021-12-29,0.04,31,23,
2021-12-30,0.02,35,28,
2021-12-31,0.00,33,17,
2022-01-01,0.00,34,16,
2022-01-02,1.30,38,28,
2022-01-03,0.52,42,33,
2022-01-04,0.05,42,34,
2022-01-05,0.06,39,35,
2022-01-06,1.06,51,36,
2022-01-07,0.31,49,39,
2022-01-08,0.00,46,33,
2022-01-09,0.00,52,29,
2022-01-10,0.17,46,30,
2022-01-11,0.67,53,44,
2022-01-12,0.01,57,42,
2022-01-13,0.14,55,38,
2022-01-14,0.00,51,38,
2022-01-15,0.00,45,40,
2022-01-16,0.00,42,39,
2022-01-17,T,50,40,
2022-01-18,T,47,45,
2022-01-19,T,50,42,
2022-01-20,0.01,53,39,
2022-01-21,0.00,50,39,
2022-01-22,0.00,45,34,
2022-01-23,0.00,39,36,
2022-01-24,0.00,40,36,
2022-01-25,0.00,43,35,
2022-01-26,0.00,40,34,
2022-01-27,0.00,46,30,
2022-01-28,0.00,52,26,
2022-01-29,0.00,52,28,
2022-01-30,0.17,52,39,
2022-01-31,0.00,47,36,
2022-02-01,T,44,35,
2022-02-02,0.00,44,32,
2022-02-03,T,49,42,
2022-02-04,0.00,50,40,
2022-02-05,0.00,47,37,
2022-02-06,0.00,51,36,
2022-02-07,T,54,38,
2022-02-08,T,50,40,
2022-02-09,0.00,54,42,
2022-02-10,0.00,49,45,
2022-02-11,0.00,52,42,
2022-02-12,0.00,54,36,
2022-02-13,0.00,58,28,
2022-02-14,0.09,49,43,
2022-02-15,T,49,41,
2022-02-16,T,51,38,
2022-02-17,0.00,47,36,
2022-02-18,0.00,50,44,
2022-02-19,T,48,40,
2022-02-20,0.10,49,36,
2022-02-21,T,43,30,
2022-02-22,T,35,25,
2022-02-23,0.00,38,22,
2022-02-24,T,40,29,
2022-02-25,0.00,48,23,
2022-02-26,0.30,51,30,
2022-02-27,0.80,50,41,
2022-02-28,1.38,55,48,
2022-03-01,0.03,59,50,
2022-03-02,0.10,52,47,
2022-03-03,0.13,51,42,
2022-03-04,T,50,39,
2022-03-05,0.00,53,36,
2022-03-06,0.00,51,32,
2022-03-07,0.00,49,32,
2022-03-08,0.01,50,36,
2022-03-09,0.00,49,34,
2022-03-10,0.00,47,27,
2022-03-11,0.00,51,39,
2022-03-12,0.02,57,39,
2022-03-13,0.07,54,41,
2022-03-14,0.27,50,44,
2022-03-15,0.32,53,44,
2022-03-16,0.00,54,43,
2022-03-17,0.02,51,42,
2022-03-18,0.12,56,43,
2022-03-19,0.36,51,39,
2022-03-20,0.04,48,40,
2022-03-21,0.10,51,42,
2022-03-22,0.00,65,49,
2022-03-23,0.24,57,41,
2022-03-24,0.00,55,38,
2022-03-25,0.00,59,43,
2022-03-26,T,59,47,
2022-03-27,T,63,46,
2022-03-28,T,55,46,
2022-03-29,0.00,60,44,
2022-03-30,0.15,56,44,
2022-03-31,0.04,55,40,
2022-04-01,0.05,53,40,
2022-04-02,T,56,43,
2022-04-03,0.28,53,45,
2022-04-04,0.37,49,40,
2022-04-05,T,54,41,
2022-04-06,0.00,59,36,
2022-04-07,0.00,74,45,
2022-04-08,0.09,58,42,
2022-04-09,0.09,49,36,
2022-04-10,0.02,49,37,
2022-04-11,0.00,53,38,
2022-04-12,T,47,35,
2022-04-13,0.00,47,34,
2022-04-14,0.10,48,33,
2022-04-15,0.00,51,35,
2022-04-16,T,49,37,
2022-04-17,T,57,36,
2022-04-18,0.20,51,42,
2022-04-19,T,56,40,
2022-04-20,0.07,55,37,
2022-04-21,0.11,57,41,
2022-04-22,T,60,42,
2022-04-23,0.00,60,46,
2022-04-24,0.00,67,40,
2022-04-25,0.03,58,45,
2022-04-26,0.04,54,41,
2022-04-27,T,57,39,
2022-04-28,T,58,45,
2022-04-29,0.09,61,44,
2022-04-30,0.20,61,48,
2022-05-01,0.00,61,45,
2022-05-02,0.24,56,48,
2022-05-03,T,56,47,
2022-05-04,0.00,67,46,
2022-05-05,0.07,53,45,
2022-05-06,0.35,55,42,
2022-05-07,0.17,56,43,
2022-05-08,0.05,54,41,
2022-05-09,T,58,40,
2022-05-10,0.00,61,41,
2022-05-11,T,59,42,
2022-05-12,0.39,52,40,
2022-05-13,0.00,58,38,
2022-05-14,0.04,66,47,
2022-05-15,0.47,60,52,
2022-05-16,T,61,47,
2022-05-17,0.00,60,45,
2022-05-18,0.07,59,46,
2022-05-19,0.00,58,43,
2022-05-20,0.00,61,42,
2022-05-21,0.00,66,44,
2022-05-22,0.00,71,45,
2022-05-23,T,67,53,
2022-05-24,T,60,52,
2022-05-25,0.00,68,52,
2022-05-26,0.09,69,52,
2022-05-27,T,62,50,
2022-05-28,0.04,58,48,
2022-05-29,0.07,57,48,
2022-05-30,0.00,61,46,
2022-05-31,0.00,68,49,
2022-06-01,0.03,72,54,
2022-06-02,0.01,74,54,
2022-06-03,0.14,66,54,
2022-06-04,0.25,69,54,
2022-06-05,0.51,65,54,
2022-06-06,T,65,52,
2022-06-07,T,73,49,
2022-06-08,0.00,70,57,
2022-06-09,0.89,60,55,
2022-06-10,0.08,68,57,
2022-06-11,T,71,55,
2022-06-12,0.04,60,51,
2022-06-13,T,61,49,
2022-06-14,0.05,62,47,
2022-06-15,0.00,62,52,
2022-06-16,T,68,51,
2022-06-17,0.07,58,54,
2022-06-18,T,63,53,
2022-06-19,0.00,66,53,
2022-06-20,0.00,68,54,
2022-06-21,0.00,77,54,
2022-06-22,0.01,67,57,
2022-06-23,0.00,70,54,
2022-06-24,0.00,76,51,
2022-06-25,0.00,84,58,
2022-06-26,0.00,87,64,
2022-06-27,0.00,91,59,
2022-06-28,T,66,56,
2022-06-29,0.00,68,56,
2022-06-30,0.00,74,54,
2022-07-01,0.00,76,58,
2022-07-02,0.00,67,56,
2022-07-03,0.02,59,53,
2022-07-04,0.00,68,51,
2022-07-05,0.02,75,53,
2022-07-06,0.03,73,61,
2022-07-07,0.00,77,59,
2022-07-08,0.00,78,61,
2022-07-09,0.00,76,58,
2022-07-10,0.00,75,59,
2022-07-11,T,82,60,
2022-07-12,0.00,82,60,
2022-07-13,0.00,75,57,
2022-07-14,0.00,79,56,
2022-07-15,0.00,78,55,
2022-07-16,0.00,72,61,
2022-07-17,T,68,59,
2022-07-18,0.01,73,55,
2022-07-19,0.00,79,57,
2022-07-20,0.00,84,62,
2022-07-21,0.05,81,59,
2022-07-22,0.00,73,58,
2022-07-23,0.00,72,58,
2022-07-24,0.00,80,57,
2022-07-25,0.00,85,60,
2022-07-26,0.00,94,66,
2022-07-27,0.00,91,64,
2022-07-28,0.00,90,64,
2022-07-29,0.00,91,65,
2022-07-30,0.00,92,66,
2022-07-31,0.00,93,65,
2022-08-01,T,81,62,
2022-08-02,0.00,77,59,
2022-08-03,0.00,74,54,
2022-08-04,T,68,58,
2022-08-05,0.00,73,55,
2022-08-06,0.00,82,57,
2022-08-07,T,85,59,
2022-08-08,T,88,62,
2022-08-09,T,77,60,
2022-08-10,T,71,60,
2022-08-11,0.00,80,59,
2022-08-12,T,79,58,
2022-08-13,0.00,76,60,
2022-08-14,0.00,80,59,
2022-08-15,0.00,83,58,
2022-08-16,T,80,60,
2022-08-17,T,87,63,
2022-08-18,0.00,89,70,
2022-08-19,0.02,79,65,
2022-08-20,0.00,78,63,
2022-08-21,0.00,81,63,
2022-08-22,0.00,83,61,
2022-08-23,0.00,79,60,
2022-08-24,0.00,85,59,
2022-08-25,0.00,90,62,
2022-08-26,0.00,73,60,
2022-08-27,T,70,57,
2022-08-28,0.00,76,53,
2022-08-29,0.00,81,58,
2022-08-30,0.00,86,62,
2022-08-31,T,87,62,
2022-09-01,0.00,77,60,
2022-09-02,0.00,79,56,
2022-09-03,T,75,58,
2022-09-04,T,77,57,
2022-09-05,0.00,74,56,
2022-09-06,0.00,76,54,
2022-09-07,0.00,77,59,
2022-09-08,0.00,71,52,
2022-09-09,M,78,57,
2022-09-10,0.00,85,57,
2022-09-11,T,76,61,
2022-09-12,0.00,74,61,
2022-09-13,0.00,70,62,
2022-09-14,0.00,71,61,
2022-09-15,0.00,68,58,
2022-09-16,0.02,66,56,
2022-09-17,0.00,66,52,
2022-09-18,0.00,72,56,
2022-09-19,0.00,74,48,
2022-09-20,0.00,78,55,
2022-09-21,0.00,76,48,
2022-09-22,0.00,71,55,
2022-09-23,0.00,70,57,
2022-09-24,0.00,73,52,
2022-09-25,0.00,76,52,
2022-09-26,0.00,81,54,
2022-09-27,0.00,78,53,
2022-09-28,0.02,66,54,
2022-09-29,0.00,71,57,
2022-09-30,0.00,69,55,
2022-10-01,0.00,75,55,
2022-10-02,0.00,77,53,
2022-10-03,0.00,75,52,
2022-10-04,0.00,66,53,
2022-10-05,0.00,64,54,
2022-10-06,0.00,72,52,
2022-10-07,0.00,75,53,
2022-10-08,0.00,74,53,
2022-10-09,0.00,73,51,
2022-10-10,0.00,70,49,
2022-10-11,0.00,67,49,
2022-10-12,0.00,66,50,
2022-10-13,0.00,72,47,
2022-10-14,0.00,71,47,
2022-10-15,0.00,72,53,
2022-10-16,0.00,83,49,
2022-10-17,0.00,68,50,
2022-10-18,0.00,67,48,
2022-10-19,0.00,66,47,
2022-10-20,T,63,45,
2022-10-21,0.22,54,47,
2022-10-22,0.22,52,42,
2022-10-23,T,55,41,
2022-10-24,0.04,58,45,
2022-10-25,0.39,52,44,
2022-10-26,0.00,52,43,
2022-10-27,T,61,49,
2022-10-28,0.27,58,44,
2022-10-29,0.00,58,42,
2022-10-30,0.59,57,50,
2022-10-31,0.37,55,47,
2022-11-01,0.03,51,42,
2022-11-02,0.17,48,37,
2022-11-03,0.14,44,37,
2022-11-04,T,59,42,
2022-11-05,0.06,50,39,
2022-11-06,0.88,46,40,
2022-11-07,0.08,46,37,
2022-11-08,T,44,36,
2022-11-09,0.00,45,30,
2022-11-10,0.00,47,34,
2022-11-11,T,47,33,
2022-11-12,0.00,50,30,
2022-11-13,0.00,50,30,
2022-11-14,0.00,53,35,
2022-11-15,0.00,52,32,
2022-11-16,0.00,50,31,
2022-11-17,0.00,53,31,
2022-11-18,0.00,50,26,
2022-11-19,0.00,48,25,
2022-11-20,0.00,52,26,
2022-11-21,0.00,49,38,
2022-11-22,0.99,48,42,
2022-11-23,0.00,53,37,
2022-11-24,0.00,54,30,
2022-11-25,0.79,50,33,
2022-11-26,0.01,47,33,
2022-11-27,0.18,47,39,
2022-11-28,T,41,34,
2022-11-29,0.99,36,31,
2022-11-30,0.25,42,30,
2022-12-01,T,39,25,
2022-12-02,0.17,40,24,
2022-12-03,0.26,45,32,
2022-12-04,0.11,38,30,
2022-12-05,T,41,34,
2022-12-06,T,42,35,
2022-12-07,T,46,39,
2022-12-08,0.09,43,38,
2022-12-09,0.38,44,35,
2022-12-10,0.17,45,40,
2022-12-11,T,45,39,
2022-12-12,0.23,45,39,
2022-12-13,0.00,42,34,
2022-12-14,T,43,38,
2022-12-15,0.00,42,29,
2022-12-16,0.00,45,27,
2022-12-17,T,41,31,
2022-12-18,0.01,44,31,
2022-12-19,0.01,34,30,
2022-12-20,0.34,39,30,
2022-12-21,0.00,30,21,
2022-12-22,0.00,25,16,
2022-12-23,0.15,36,24,
2022-12-24,1.00,53,34,
2022-12-25,0.53,52,46,
2022-12-26,0.70,56,46,
2022-12-27,0.38,55,45,
2022-12-28,T,48,40,
2022-12-29,0.27,47,40,
2022-12-30,0.24,53,42,
2022-12-31,T,49,43,
2023-01-01,0.01,47,30,
2023-01-02,0.00,50,30,
2023-01-03,T,50,35,
2023-01-04,T,52,36,
2023-01-05,T,58,49,
2023-01-06,0.06,52,38,
2023-01-07,0.06,47,37,
2023-01-08,0.14,50,36,
2023-01-09,0.32,55,37,
2023-01-10,T,53,41,
2023-01-11,0.03,57,43,
2023-01-12,0.17,53,46,
2023-01-13,0.26,53,47,
2023-01-14,0.02,60,43,
2023-01-15,0.18,49,40,
2023-01-16,0.00,50,38,
2023-01-17,T,50,38,
2023-01-18,0.20,47,38,
2023-01-19,0.00,43,33,
2023-01-20,0.00,46,33,
2023-01-21,0.16,43,28,
2023-01-22,T,44,33,
2023-01-23,0.00,47,35,
2023-01-24,T,45,37,
2023-01-25,0.00,47,43,
2023-01-26,0.00,44,39,
2023-01-27,0.07,48,42,
2023-01-28,T,45,33,
2023-01-29,0.00,41,25,
2023-01-30,0.00,40,21,
2023-01-31,T,41,29,
2023-02-01,0.00,48,31,
2023-02-02,0.00,53,29,
2023-02-03,0.16,51,37,
2023-02-04,0.01,53,43,
2023-02-05,0.04,48,41,
2023-02-06,T,49,43,
2023-02-07,0.16,52,41,
2023-02-08,0.00,48,39,
2023-02-09,0.02,59,42,
2023-02-10,T,54,43,
2023-02-11,T,49,36,
2023-02-12,0.00,51,30,
2023-02-13,0.19,47,33,
2023-02-14,T,44,29,
2023-02-15,0.00,46,27,
2023-02-16,0.00,46,32,
2023-02-17,0.20,46,40,
2023-02-18,T,47,40,
2023-02-19,0.01,48,40,
2023-02-20,0.06,48,43,
2023-02-21,T,47,36,
2023-02-22,T,39,31,
2023-02-23,T,37,25,
2023-02-24,0.00,38,24,
2023-02-25,0.01,43,21,
2023-02-26,0.21,46,31,
2023-02-27,0.10,43,30,
2023-02-28,0.04,43,29,
2023-03-01,0.03,45,28,
2023-03-02,0.07,51,37,
2023-03-03,0.19,44,35,
2023-03-04,0.24,45,33,
2023-03-05,0.13,49,27,
2023-03-06,T,50,31,
2023-03-07,T,52,37,
2023-03-08,T,47,33,
2023-03-09,0.00,50,31,
2023-03-10,0.05,50,38,
2023-03-11,0.04,52,37,
2023-03-12,0.25,48,29,
2023-03-13,0.30,48,36,
2023-03-14,0.00,51,33,
2023-03-15,T,51,39,
2023-03-16,0.00,53,34,
2023-03-17,0.00,62,32,
2023-03-18,0.00,65,38,
2023-03-19,0.00,59,43,
2023-03-20,0.03,56,47,
2023-03-21,0.00,56,44,
2023-03-22,0.00,62,38,
2023-03-23,0.04,51,39,
2023-03-24,0.04,48,38,
2023-03-25,0.00,49,37,
2023-03-26,0.00,50,37,
2023-03-27,0.00,59,32,
2023-03-28,0.00,60,46,
2023-03-29,0.00,61,39,
2023-03-30,0.00,55,43,
2023-03-31,0.19,49,42,
2023-04-01,T,49,39,
2023-04-02,0.04,47,37,
2023-04-03,0.13,48,35,
2023-04-04,0.00,51,38,
2023-04-05,0.00,54,35,
2023-04-06,0.25,54,44,
2023-04-07,0.02,58,46,
2023-04-08,0.02,52,46,
2023-04-09,0.29,56,47,
2023-04-10,0.43,47,42,
2023-04-11,0.02,53,40,
2023-04-12,0.00,54,38,
2023-04-13,0.00,52,38,
2023-04-14,0.00,56,36,
2023-04-15,T,53,42,
2023-04-16,0.28,52,39,
2023-04-17,0.11,51,34,
2023-04-18,0.03,49,38,
2023-04-19,0.01,51,37,
2023-04-20,0.25,48,35,
2023-04-21,0.00,53,44,
2023-04-22,0.11,63,46,
2023-04-23,0.15,54,47,
2023-04-24,T,59,45,
2023-04-25,0.00,59,45,
2023-04-26,0.00,66,45,
2023-04-27,0.00,65,50,
2023-04-28,0.00,75,50,
2023-04-29,0.00,76,54,
2023-04-30,T,61,48,
2023-05-01,0.02,56,50,
2023-05-02,T,70,50,
2023-05-03,0.00,72,52,
2023-05-04,T,57,49,
2023-05-05,0.32,51,48,
2023-05-06,0.01,62,47,
2023-05-07,0.00,63,48,
2023-05-08,T,65,51,
2023-05-09,0.01,64,49,
2023-05-10,0.00,70,47,
2023-05-11,0.00,74,50,
2023-05-12,0.00,79,51,
2023-05-13,0.00,82,56,
2023-05-14,0.00,86,60,
2023-05-15,0.01,91,61,
2023-05-16,T,78,56,
2023-05-17,0.00,77,56,
2023-05-18,0.00,77,57,
2023-05-19,0.00,74,53,
2023-05-20,T,76,57,
2023-05-21,T,62,52,
2023-05-22,0.03,63,49,
2023-05-23,0.00,65,48,
2023-05-24,0.00,69,55,
2023-05-25,0.00,76,53,
2023-05-26,0.00,81,57,
2023-05-27,0.00,70,53,
2023-05-28,0.00,66,50,
2023-05-29,0.00,69,51,
2023-05-30,0.00,61,49,
2023-05-31,0.00,64,50,
2023-06-01,0.00,68,50,
2023-06-02,0.00,73,51,
2023-06-03,0.00,73,50,
2023-06-04,0.00,69,52,
2023-06-05,0.00,72,51,
2023-06-06,0.00,78,53,
2023-06-07,0.00,86,58,
2023-06-08,0.00,74,54,
2023-06-09,0.16,61,53,
2023-06-10,0.21,61,52,
2023-06-11,0.00,71,54,
2023-06-12,0.00,82,56,
2023-06-13,0.00,68,54,
2023-06-14,0.00,66,53,
2023-06-15,0.00,72,48,
2023-06-16,0.12,71,54,
2023-06-17,0.01,59,52,
2023-06-18,0.16,62,48,
2023-06-19,0.05,62,48,
2023-06-20,0.16,59,51,
2023-06-21,0.00,69,51,
2023-06-22,0.00,75,53,
2023-06-23,0.00,81,55,
2023-06-24,0.00,70,52,
2023-06-25,0.00,77,53,
2023-06-26,0.00,74,54,
2023-06-27,0.00,75,54,
2023-06-28,0.00,81,55,
2023-06-29,0.00,81,58,
2023-06-30,0.00,78,60,
2023-07-01,0.00,79,56,
2023-07-02,0.00,77,56,
2023-07-03,0.00,78,57,
2023-07-04,0.00,85,59,
2023-07-05,0.00,89,59,
2023-07-06,0.00,85,61,
2023-07-07,0.00,75,56,
2023-07-08,0.00,74,56,
2023-07-09,0.00,79,55,
2023-07-10,0.00,70,56,
2023-07-11,0.00,78,57,
2023-07-12,0.00,76,56,
2023-07-13,0.00,80,56,
2023-07-14,0.00,84,59,
2023-07-15,0.00,87,61,
2023-07-16,0.00,82,62,
2023-07-17,0.00,77,61,
2023-07-18,0.00,80,58,
2023-07-19,T,85,60,
2023-07-20,0.00,84,62,
2023-07-21,0.00,79,59,
2023-07-22,0.00,81,57,
2023-07-23,0.00,83,60,
2023-07-24,0.10,73,58,
2023-07-25,0.00,75,58,
2023-07-26,0.00,74,58,
2023-07-27,0.00,79,58,
2023-07-28,0.00,79,57,
2023-07-29,0.00,76,57,
2023-07-30,0.00,77,59,
2023-07-31,0.00,77,59,
2023-08-01,0.00,80,60,
2023-08-02,0.00,83,60,
2023-08-03,0.00,81,61,
2023-08-04,0.00,82,62,
2023-08-05,T,72,63,
2023-08-06,T,76,62,
2023-08-07,0.09,77,64,
2023-08-08,0.00,79,62,
2023-08-09,T,77,62,
2023-08-10,0.00,75,61,
2023-08-11,0.00,78,59,
2023-08-12,0.00,80,63,
2023-08-13,0.00,86,64,
2023-08-14,0.00,94,71,
2023-08-15,0.00,92,67,
2023-08-16,0.00,92,68,
2023-08-17,0.00,91,64,
2023-08-18,0.00,74,58,
2023-08-19,0.00,73,55,
2023-08-20,0.00,77,58,
2023-08-21,0.00,76,54,
2023-08-22,0.01,73,55,
2023-08-23,T,73,57,
2023-08-24,0.00,74,57,
2023-08-25,0.01,82,63,
2023-08-26,0.00,84,61,
2023-08-27,0.00,84,60,
2023-08-28,0.00,68,62,
2023-08-29,0.32,63,59,
2023-08-30,0.01,73,60,
2023-08-31,0.01,68,59,
2023-09-01,0.00,77,60,
2023-09-02,0.00,84,58,
2023-09-03,T,70,57,
2023-09-04,0.00,66,54,
2023-09-05,0.00,70,54,
2023-09-06,0.00,75,53,
2023-09-07,0.00,69,57,
2023-09-08,0.00,72,52,
2023-09-09,0.00,78,53,
2023-09-10,0.00,81,54,
2023-09-11,0.00,72,59,
2023-09-12,T,69,56,
2023-09-13,0.00,72,55,
2023-09-14,0.00,75,56,
2023-09-15,0.00,81,52,
2023-09-16,0.00,79,53,
2023-09-17,0.00,70,55,
2023-09-18,0.22,65,54,
2023-09-19,T,67,53,
2023-09-20,0.13,64,50,
2023-09-21,0.00,68,45,
2023-09-22,0.00,76,48,
2023-09-23,0.04,64,55,
2023-09-24,0.48,63,51,
2023-09-25,0.96,63,54,
2023-09-26,0.41,63,49,
2023-09-27,0.51,59,52,
2023-09-28,0.20,62,50,
2023-09-29,0.00,59,46,
2023-09-30,0.00,61,48,
2023-10-01,0.00,63,42,
2023-10-02,0.10,56,50,
2023-10-03,T,62,53,
2023-10-04,0.00,66,53,
2023-10-05,0.00,68,55,
2023-10-06,0.00,71,52,
2023-10-07,0.00,79,48,
2023-10-08,0.00,69,54,
2023-10-09,T,63,54,
2023-10-10,0.43,60,50,
2023-10-11,0.47,60,48,
2023-10-12,0.00,62,50,
2023-10-13,T,72,47,
2023-10-14,0.02,61,53,
2023-10-15,0.01,61,53,
2023-10-16,0.41,63,50,
2023-10-17,0.02,59,48,
2023-10-18,0.00,70,49,
2023-10-19,0.00,69,50,
2023-10-20,T,61,54,
2023-10-21,T,56,52,
2023-10-22,T,58,46,
2023-10-23,0.00,57,44,
2023-10-24,0.51,52,44,
2023-10-25,0.09,51,39,
2023-10-26,0.00,52,35,
2023-10-27,0.00,49,31,
2023-10-28,0.00,51,27,
2023-10-29,0.00,53,27,
2023-10-30,0.00,54,31,
2023-10-31,0.00,53,31,
2023-11-01,0.10,54,37,
2023-11-02,0.64,61,48,
2023-11-03,0.14,58,45,
2023-11-04,0.72,62,52,
2023-11-05,0.09,60,45,
2023-11-06,0.29,52,47,
2023-11-07,T,52,47,
2023-11-08,0.00,54,40,
2023-11-09,0.05,50,36,
2023-11-10,0.02,51,43,
2023-11-11,0.20,54,46,
2023-11-12,0.12,52,44,
2023-11-13,T,53,36,
2023-11-14,0.00,49,34,
2023-11-15,0.00,49,34,
2023-11-16,0.00,49,35,
2023-11-17,0.00,51,31,
2023-11-18,0.08,52,32,
2023-11-19,T,53,44,
2023-11-20,0.00,51,34,
2023-11-21,0.01,55,34,
2023-11-22,0.03,51,41,
2023-11-23,M,50,36,
2023-11-24,0.00,47,30,
2023-11-25,0.00,47,26,
2023-11-26,0.00,48,28,
2023-11-27,0.00,47,27,
2023-11-28,0.00,42,26,
2023-11-29,0.00,39,28,
2023-11-30,T,46,33,
2023-12-01,0.06,50,38,
2023-12-02,0.24,50,39,
2023-12-03,0.01,55,38,
2023-12-04,0.68,57,39,
2023-12-05,1.23,59,49,
2023-12-06,0.03,51,46,
2023-12-07,0.40,47,39,
2023-12-08,T,45,33,
2023-12-09,0.19,41,34,
2023-12-10,0.01,55,41,
2023-12-11,T,48,45,
2023-12-12,0.00,46,32,
2023-12-13,0.00,52,31,
2023-12-14,0.02,48,42,
2023-12-15,0.00,54,38,
2023-12-16,0.00,50,32,
2023-12-17,0.00,49,31,
2023-12-18,0.01,48,38,
2023-12-19,0.02,51,42,
2023-12-20,0.00,54,36,
2023-12-21,0.00,51,40,
2023-12-22,0.35,46,35,
2023-12-23,0.00,44,29,
2023-12-24,T,44,27,
2023-12-25,0.20,49,38,
2023-12-26,T,54,41,
2023-12-27,0.02,55,45,
2023-12-28,0.02,55,43,
2023-12-29,0.00,62,44,
2023-12-30,T,53,44,
2023-12-31,0.00,51,37,
2024-01-01,0.00,47,33,
2024-01-02,0.05,46,36,
2024-01-03,0.01,50,39,
2024-01-04,0.02,47,41,
2024-01-05,0.15,48,40,
2024-01-06,0.37,45,38,
2024-01-07,T,43,37,
2024-01-08,0.22,50,38,
2024-01-09,0.12,50,39,
2024-01-10,T,43,36,
2024-01-11,T,44,27,
2024-01-12,0.00,27,16,
2024-01-13,0.00,25,14,
2024-01-14,0.00,31,14,
2024-01-15,0.00,36,18,
2024-01-16,0.06,37,20,
2024-01-17,0.11,37,31,
2024-01-18,0.05,38,34,
2024-01-19,T,47,36,
2024-01-20,0.15,49,34,
2024-01-21,0.16,49,42,
2024-01-22,0.04,52,43,
2024-01-23,T,54,39,
2024-01-24,0.22,52,40,
2024-01-25,0.05,52,42,
2024-01-26,0.22,54,43,
2024-01-27,0.33,55,48,
2024-01-28,0.40,61,51,
2024-01-29,T,60,48,
2024-01-30,0.02,58,51,
2024-01-31,0.08,57,50,
2024-02-01,0.07,59,45,
2024-02-02,T,56,41,
2024-02-03,0.00,51,38,
2024-02-04,0.00,51,43,
2024-02-05,T,46,42,
2024-02-06,0.04,47,42,
2024-02-07,0.00,50,40,
2024-02-08,T,47,41,
2024-02-09,0.00,48,34,
2024-02-10,0.00,50,34,
2024-02-11,0.10,54,42,
2024-02-12,0.06,50,43,
2024-02-13,0.00,50,38,
2024-02-14,0.05,50,37,
2024-02-15,0.46,42,33,
2024-02-16,0.00,51,29,
2024-02-17,0.00,55,36,
2024-02-18,0.00,50,40,
2024-02-19,0.01,48,38,
2024-02-20,0.02,55,42,
2024-02-21,0.13,52,44,
2024-02-22,0.00,57,41,
2024-02-23,0.00,51,35,
2024-02-24,0.00,51,43,
2024-02-25,T,52,38,
2024-02-26,0.02,47,32,
2024-02-27,T,47,28,
2024-02-28,0.75,51,43,
2024-02-29,0.21,44,34,
2024-03-01,0.13,42,36,
2024-03-02,0.05,45,36,
2024-03-03,T,44,35,
2024-03-04,0.32,46,32,
2024-03-05,0.00,46,32,
2024-03-06,0.00,45,27,
2024-03-07,0.00,48,27,
2024-03-08,0.00,55,32,
2024-03-09,0.03,55,41,
2024-03-10,0.24,51,45,
2024-03-11,0.09,51,40,
2024-03-12,0.14,51,42,
2024-03-13,0.00,54,41,
2024-03-14,0.00,56,35,
2024-03-15,0.00,60,43,
2024-03-16,0.00,74,42,
2024-03-17,0.00,71,43,
2024-03-18,0.00,65,45,
2024-03-19,0.00,68,42,
2024-03-20,T,53,47,
2024-03-21,0.10,59,47,
2024-03-22,0.12,55,49,
2024-03-23,0.01,53,48,
2024-03-24,0.00,60,48,
2024-03-25,T,53,48,
2024-03-26,T,57,47,
2024-03-27,0.43,57,43,
2024-03-28,0.22,55,42,
2024-03-29,T,59,43,
2024-03-30,0.00,59,41,
2024-03-31,0.00,63,40,
2024-04-01,0.00,63,43,
2024-04-02,0.19,68,46,
2024-04-03,0.02,54,44,
2024-04-04,T,48,44,
2024-04-05,T,53,43,
2024-04-06,T,50,44,
2024-04-07,0.02,55,44,
2024-04-08,T,55,42,
2024-04-09,0.01,57,48,
2024-04-10,0.00,61,42,
2024-04-11,T,57,44,
2024-04-12,0.00,58,47,
2024-04-13,0.00,62,44,
2024-04-14,0.00,68,41,
2024-04-15,T,56,46,
2024-04-16,0.02,54,40,
2024-04-17,0.00,60,35,
2024-04-18,0.00,64,36,
2024-04-19,0.00,70,42,
2024-04-20,T,74,45,
2024-04-21,0.00,59,43,
2024-04-22,0.00,61,45,
2024-04-23,0.00,72,47,
2024-04-24,T,56,48,
2024-04-25,0.20,55,50,
2024-04-26,0.03,64,51,
2024-04-27,0.02,54,49,
2024-04-28,0.01,55,46,
2024-04-29,0.25,55,41,
2024-04-30,T,56,43,
2024-05-01,0.00,60,40,
2024-05-02,0.00,67,44,
2024-05-03,0.00,68,45,
2024-05-04,0.04,58,52,
2024-05-05,0.04,54,49,
2024-05-06,0.09,57,47,
2024-05-07,0.08,61,44,
2024-05-08,0.00,66,44,
2024-05-09,0.00,75,48,
2024-05-10,0.00,83,51,
2024-05-11,0.00,85,54,
2024-05-12,0.00,76,55,
2024-05-13,0.00,65,53,
2024-05-14,0.00,73,52,
2024-05-15,0.00,76,54,
2024-05-16,0.03,66,51,
2024-05-17,T,63,47,
2024-05-18,0.01,57,48,
2024-05-19,0.00,64,46,
2024-05-20,0.00,67,47,
2024-05-21,0.48,54,49,
2024-05-22,0.01,61,48,
2024-05-23,0.00,63,50,
2024-05-24,0.03,58,50,
2024-05-25,0.00,60,50,
2024-05-26,0.04,60,50,
2024-05-27,0.00,68,53,
2024-05-28,T,62,48,
2024-05-29,0.13,61,48,
2024-05-30,0.00,63,50,
2024-05-31,0.00,71,47,
2024-06-01,T,66,55,
2024-06-02,0.45,61,56,
2024-06-03,0.25,61,52,
2024-06-04,0.09,63,51,
2024-06-05,0.00,68,49,
2024-06-06,0.00,72,51,
2024-06-07,0.00,76,51,
2024-06-08,0.00,80,54,
2024-06-09,0.00,73,55,
2024-06-10,0.00,71,52,
2024-06-11,T,68,56,
2024-06-12,0.00,68,54,
2024-06-13,0.00,71,51,
2024-06-14,T,66,50,
2024-06-15,0.14,63,52,
2024-06-16,0.00,64,50,
2024-06-17,T,63,52,
2024-06-18,0.00,69,52,
2024-06-19,0.00,78,53,
2024-06-20,0.00,82,59,
2024-06-21,0.00,87,60,
2024-06-22,0.00,78,58,
2024-06-23,0.00,68,56,
2024-06-24,0.00,71,55,
2024-06-25,0.00,80,55,
2024-06-26,0.03,71,58,
2024-06-27,0.03,64,56,
2024-06-28,0.00,72,56,
2024-06-29,0.02,76,57,
2024-06-30,0.00,78,61,
2024-07-01,0.00,77,63,
2024-07-02,0.00,73,57,
2024-07-03,0.00,77,56,
2024-07-04,0.00,82,59,
2024-07-05,0.00,88,61,
2024-07-06,0.00,91,61,
2024-07-07,0.00,93,63,
2024-07-08,0.00,94,67,
2024-07-09,0.00,97,67,
2024-07-10,0.00,88,66,
2024-07-11,0.00,84,64,
2024-07-12,0.00,83,59,
2024-07-13,0.00,87,63,
2024-07-14,0.00,86,61,
2024-07-15,0.00,80,59,
2024-07-16,0.00,88,61,
2024-07-17,0.00,86,65,
2024-07-18,0.00,86,60,
2024-07-19,0.00,85,59,
2024-07-20,0.00,86,63,
2024-07-21,0.00,81,63,
2024-07-22,0.00,69,60,
2024-07-23,0.00,76,60,
2024-07-24,0.00,79,58,
2024-07-25,0.00,75,60,
2024-07-26,0.00,77,56,
2024-07-27,0.00,80,59,
2024-07-28,0.00,71,58,
2024-07-29,0.05,71,61,
2024-07-30,0.01,78,64,
2024-07-31,0.00,80,62,
2024-08-01,0.00,84,63,
2024-08-02,0.00,89,67,
2024-08-03,0.00,84,60,
2024-08-04,0.00,88,61,
2024-08-05,0.00,80,59,
2024-08-06,0.00,72,58,
2024-08-07,0.00,80,59,
2024-08-08,0.00,85,61,
2024-08-09,0.00,87,65,
2024-08-10,0.00,80,60,
2024-08-11,0.00,73,61,
2024-08-12,0.00,75,60,
2024-08-13,0.00,73,61,
2024-08-14,0.00,79,62,
2024-08-15,0.00,77,62,
2024-08-16,0.00,76,61,
2024-08-17,0.51,78,60,
2024-08-18,0.01,81,61,
2024-08-19,T,78,57,
2024-08-20,0.06,70,61,
2024-08-21,0.00,71,60,
2024-08-22,0.10,73,60,
2024-08-23,0.32,62,57,
2024-08-24,0.21,65,57,
2024-08-25,T,75,57,
2024-08-26,0.11,75,55,
2024-08-27,0.06,69,56,
2024-08-28,0.00,70,49,
2024-08-29,M,76,54,
2024-08-30,0.00,82,58,
2024-08-31,0.00,83,60,
2024-09-01,0.00,84,62,
2024-09-02,0.00,72,62,
2024-09-03,0.00,73,62,
2024-09-04,0.00,79,58,
2024-09-05,0.00,89,61,
2024-09-06,0.00,85,64,
2024-09-07,0.00,78,64,
2024-09-08,0.00,77,61,
2024-09-09,M,71,60,
2024-09-10,T,73,57,
2024-09-11,0.14,70,56,
2024-09-12,T,71,57,
2024-09-13,0.04,67,54,
2024-09-14,0.11,68,58,
2024-09-15,0.01,66,55,
2024-09-16,0.00,71,50,
2024-09-17,0.00,65,54,
2024-09-18,0.00,71,59,
2024-09-19,0.00,71,54,
2024-09-20,0.04,67,54,
2024-09-21,0.00,72,49,
2024-09-22,0.00,72,52,
2024-09-23,0.00,75,61,
2024-09-24,0.00,78,60,
2024-09-25,0.14,68,57,
2024-09-26,T,69,53,
2024-09-27,T,69,55,
2024-09-28,T,65,51,
2024-09-29,0.00,63,51,
2024-09-30,0.00,67,48,
2024-10-01,0.00,69,47,
2024-10-02,0.00,66,52,
2024-10-03,0.00,66,47,
2024-10-04,0.44,63,48,
2024-10-05,0.00,63,49,
2024-10-06,0.00,70,46,
2024-10-07,0.00,78,48,
2024-10-08,0.23,68,56,
2024-10-09,0.01,M,M,
2024-10-10,0.00,M,M,
2024-10-11,0.00,60,M,
2024-10-12,0.00,67,45,
2024-10-13,0.00,75,48,
2024-10-14,T,67,54,
2024-10-15,T,61,55,
2024-10-16,0.02,63,48,
2024-10-17,0.05,56,47,
2024-10-18,0.02,55,46,
2024-10-19,T,67,55,
2024-10-20,0.01,68,53,
2024-10-21,0.11,57,49,
2024-10-22,0.00,59,44,
2024-10-23,0.00,54,43,
2024-10-24,0.00,57,45,
2024-10-25,0.07,61,46,
2024-10-26,0.23,62,52,
2024-10-27,0.45,59,49,
2024-10-28,0.07,56,49,
2024-10-29,T,56,42,
2024-10-30,0.21,53,43,
2024-10-31,0.32,53,40,
2024-11-01,0.26,53,46,
2024-11-02,0.11,54,47,
2024-11-03,0.00,54,48,
2024-11-04,0.25,59,44,
2024-11-05,0.01,54,42,
2024-11-06,0.00,57,41,
2024-11-07,0.00,60,36,
2024-11-08,0.00,63,43,
2024-11-09,0.02,53,48,
2024-11-10,0.31,58,50,
2024-11-11,0.83,54,48,
2024-11-12,0.14,56,49,
2024-11-13,0.36,57,49,
2024-11-14,0.27,52,43,
2024-11-15,T,51,41,
2024-11-16,T,48,37,
2024-11-17,0.11,52,43,
2024-11-18,0.09,46,40,
2024-11-19,0.05,50,37,
2024-11-20,0.26,55,41,
2024-11-21,T,52,40,
2024-11-22,0.25,59,45,
2024-11-23,0.02,52,40,
2024-11-24,0.07,48,42,
2024-11-25,0.17,50,44,
2024-11-26,T,48,44,
2024-11-27,T,48,37,
2024-11-28,0.00,47,34,
2024-11-29,0.00,44,35,
2024-11-30,0.00,48,34,
2024-12-01,0.00,51,32,
2024-12-02,0.00,43,32,
2024-12-03,0.00,45,32,
2024-12-04,0.00,40,32,
2024-12-05,0.00,54,30,
2024-12-06,T,51,36,
2024-12-07,0.49,53,47,
2024-12-08,0.01,50,44,
2024-12-09,0.00,51,38,
2024-12-10,0.00,47,35,
2024-12-11,0.00,51,33,
2024-12-12,T,49,34,
2024-12-13,0.41,47,40,
2024-12-14,0.10,51,42,
2024-12-15,T,49,40,
2024-12-16,0.12,51,41,
2024-12-17,0.65,56,43,
2024-12-18,0.26,57,45,
2024-12-19,0.10,54,45,
2024-12-20,T,55,41,
2024-12-21,0.31,54,41,
2024-12-22,0.19,53,42,
2024-12-23,0.11,57,43,
2024-12-24,0.09,52,42,
2024-12-25,0.74,45,36,
2024-12-26,0.18,52,44,
2024-12-27,M,M,M,
2024-12-28,M,M,M,
2024-12-29,M,M,M,
2024-12-30,M,M,M,
2024-12-31,M,M,M,
2025-01-01,T,46,37,
2025-01-02,0.02,47,36,
2025-01-03,0.35,46,37,
2025-01-04,0.07,47,36,
2025-01-05,0.02,51,44,
2025-01-06,0.00,48,42,
2025-01-07,T,46,39,
2025-01-08,0.03,51,42,
2025-01-09,0.00,52,41,
2025-01-10,0.22,50,41,
2025-01-11,0.00,48,35,
2025-01-12,T,45,32,
2025-01-13,0.00,43,33,
2025-01-14,0.00,43,35,
2025-01-15,0.00,42,36,
2025-01-16,T,44,36,
2025-01-17,0.00,45,32,
2025-01-18,0.00,45,29,
2025-01-19,0.00,44,25
